CREATE DATABASE  IF NOT EXISTS `travel` /*!40100 DEFAULT CHARACTER SET latin1 */;
USE `travel`;
-- MySQL dump 10.13  Distrib 5.6.24, for osx10.8 (x86_64)
--
-- Host: 127.0.0.1    Database: travel
-- ------------------------------------------------------
-- Server version	5.5.42

/*!40101 SET @OLD_CHARACTER_SET_CLIENT=@@CHARACTER_SET_CLIENT */;
/*!40101 SET @OLD_CHARACTER_SET_RESULTS=@@CHARACTER_SET_RESULTS */;
/*!40101 SET @OLD_COLLATION_CONNECTION=@@COLLATION_CONNECTION */;
/*!40101 SET NAMES utf8 */;
/*!40103 SET @OLD_TIME_ZONE=@@TIME_ZONE */;
/*!40103 SET TIME_ZONE='+00:00' */;
/*!40014 SET @OLD_UNIQUE_CHECKS=@@UNIQUE_CHECKS, UNIQUE_CHECKS=0 */;
/*!40014 SET @OLD_FOREIGN_KEY_CHECKS=@@FOREIGN_KEY_CHECKS, FOREIGN_KEY_CHECKS=0 */;
/*!40101 SET @OLD_SQL_MODE=@@SQL_MODE, SQL_MODE='NO_AUTO_VALUE_ON_ZERO' */;
/*!40111 SET @OLD_SQL_NOTES=@@SQL_NOTES, SQL_NOTES=0 */;

--
-- Table structure for table `availability`
--

DROP TABLE IF EXISTS `availability`;
/*!40101 SET @saved_cs_client     = @@character_set_client */;
/*!40101 SET character_set_client = utf8 */;
CREATE TABLE `availability` (
  `id` int(11) NOT NULL AUTO_INCREMENT,
  `guide_id` int(11) NOT NULL,
  `date` datetime DEFAULT NULL,
  PRIMARY KEY (`id`),
  KEY `fk_availability_guides1_idx` (`guide_id`),
  CONSTRAINT `fk_availability_guides1` FOREIGN KEY (`guide_id`) REFERENCES `guides` (`id`) ON DELETE NO ACTION ON UPDATE NO ACTION
) ENGINE=InnoDB AUTO_INCREMENT=1131 DEFAULT CHARSET=latin1;
/*!40101 SET character_set_client = @saved_cs_client */;

--
-- Dumping data for table `availability`
--

LOCK TABLES `availability` WRITE;
/*!40000 ALTER TABLE `availability` DISABLE KEYS */;
INSERT INTO `availability` VALUES (1,1,'2015-09-01 00:00:00'),(2,1,'2015-09-05 00:00:00'),(3,1,'2015-09-08 00:00:00'),(4,2,'2015-09-01 08:52:53'),(5,2,'2015-09-10 08:50:47'),(6,3,'2015-09-01 08:52:53'),(7,3,'2015-10-01 08:50:47'),(8,3,'2015-11-01 08:50:47'),(9,4,'2015-09-01 08:52:53'),(10,4,'2015-09-03 08:50:47'),(11,5,'2015-09-09 08:50:47'),(12,6,'2015-09-12 08:50:47'),(15,10,'2016-10-04 00:00:00'),(16,8,'2015-10-29 00:00:00'),(17,3,'2016-12-01 00:00:00'),(18,4,'2016-09-18 00:00:00'),(19,4,'2016-05-14 00:00:00'),(20,1,'2016-12-01 00:00:00'),(21,2,'2016-01-02 00:00:00'),(22,1,'2016-08-10 00:00:00'),(23,6,'2015-09-20 00:00:00'),(25,10,'2016-08-24 00:00:00'),(26,5,'2015-10-11 00:00:00'),(27,6,'2016-03-31 00:00:00'),(28,9,'2016-10-19 00:00:00'),(29,10,'2015-12-23 00:00:00'),(31,1,'2016-10-26 00:00:00'),(32,4,'2016-07-09 00:00:00'),(33,2,'2016-07-25 00:00:00'),(34,9,'2016-12-08 00:00:00'),(35,1,'2015-12-10 00:00:00'),(36,2,'2016-06-11 00:00:00'),(37,1,'2016-12-02 00:00:00'),(38,10,'2015-11-09 00:00:00'),(39,6,'2016-02-25 00:00:00'),(40,7,'2016-01-13 00:00:00'),(41,9,'2016-10-21 00:00:00'),(42,10,'2015-11-28 00:00:00'),(43,9,'2016-03-16 00:00:00'),(44,2,'2016-05-10 00:00:00'),(45,7,'2015-12-04 00:00:00'),(46,1,'2016-03-13 00:00:00'),(47,1,'2016-08-13 00:00:00'),(48,4,'2016-02-25 00:00:00'),(49,4,'2015-11-18 00:00:00'),(50,4,'2015-12-14 00:00:00'),(51,8,'2016-03-13 00:00:00'),(52,4,'2016-05-05 00:00:00'),(53,7,'2016-09-29 00:00:00'),(54,2,'2016-02-09 00:00:00'),(55,6,'2015-11-10 00:00:00'),(56,10,'2016-10-08 00:00:00'),(57,10,'2016-03-15 00:00:00'),(58,8,'2016-11-29 00:00:00'),(59,5,'2016-10-28 00:00:00'),(60,1,'2016-12-23 00:00:00'),(61,4,'2015-11-05 00:00:00'),(62,9,'2015-10-20 00:00:00'),(63,5,'2016-03-15 00:00:00'),(64,6,'2015-12-14 00:00:00'),(65,4,'2016-08-29 00:00:00'),(66,2,'2016-10-30 00:00:00'),(67,4,'2015-12-01 00:00:00'),(68,10,'2016-04-14 00:00:00'),(69,8,'2016-12-28 00:00:00'),(70,2,'2015-11-13 00:00:00'),(71,10,'2016-02-25 00:00:00'),(72,8,'2015-10-27 00:00:00'),(73,1,'2016-12-07 00:00:00'),(74,9,'2016-05-19 00:00:00'),(75,6,'2016-04-22 00:00:00'),(76,6,'2016-10-26 00:00:00'),(77,10,'2016-11-03 00:00:00'),(78,3,'2016-03-26 00:00:00'),(79,7,'2016-03-10 00:00:00'),(80,2,'2016-09-28 00:00:00'),(81,7,'2015-09-16 00:00:00'),(82,2,'2016-01-06 00:00:00'),(83,8,'2015-09-29 00:00:00'),(84,1,'2015-11-27 00:00:00'),(85,3,'2016-04-23 00:00:00'),(86,9,'2015-11-23 00:00:00'),(87,3,'2016-01-11 00:00:00'),(88,3,'2016-06-07 00:00:00'),(89,1,'2016-01-25 00:00:00'),(90,8,'2015-09-20 00:00:00'),(91,9,'2016-06-23 00:00:00'),(92,5,'2016-02-21 00:00:00'),(93,8,'2016-10-10 00:00:00'),(94,3,'2016-08-31 00:00:00'),(95,6,'2016-03-06 00:00:00'),(96,4,'2016-02-15 00:00:00'),(97,6,'2015-12-24 00:00:00'),(98,3,'2016-06-09 00:00:00'),(99,8,'2016-01-22 00:00:00'),(100,8,'2016-01-29 00:00:00'),(101,5,'2015-09-25 00:00:00'),(102,3,'2016-06-12 00:00:00'),(103,2,'2016-08-13 00:00:00'),(104,10,'2016-05-05 00:00:00'),(105,6,'2016-01-01 00:00:00'),(106,9,'2016-09-03 00:00:00'),(107,1,'2016-03-19 00:00:00'),(108,3,'2016-02-07 00:00:00'),(109,1,'2016-10-22 00:00:00'),(110,3,'2016-04-06 00:00:00'),(111,8,'2016-06-27 00:00:00'),(112,9,'2016-06-27 00:00:00'),(113,2,'2016-02-22 00:00:00'),(114,7,'2015-10-22 00:00:00'),(115,4,'2016-11-20 00:00:00'),(116,10,'2016-03-09 00:00:00'),(117,10,'2016-10-15 00:00:00'),(118,6,'2015-12-31 00:00:00'),(119,8,'2015-10-28 00:00:00'),(120,4,'2016-05-25 00:00:00'),(121,3,'2016-01-08 00:00:00'),(122,7,'2015-12-02 00:00:00'),(123,5,'2016-03-11 00:00:00'),(124,3,'2016-11-04 00:00:00'),(125,4,'2016-05-29 00:00:00'),(126,2,'2016-04-17 00:00:00'),(127,1,'2015-10-20 00:00:00'),(128,5,'2016-12-24 00:00:00'),(129,1,'2016-01-07 00:00:00'),(130,2,'2015-10-07 00:00:00'),(131,6,'2016-11-13 00:00:00'),(132,4,'2016-08-18 00:00:00'),(133,5,'2016-11-14 00:00:00'),(134,1,'2016-04-18 00:00:00'),(135,4,'2016-10-06 00:00:00'),(136,6,'2016-07-19 00:00:00'),(137,3,'2016-01-04 00:00:00'),(138,7,'2016-04-24 00:00:00'),(139,3,'2016-04-12 00:00:00'),(140,5,'2016-03-18 00:00:00'),(141,3,'2016-06-08 00:00:00'),(142,2,'2016-02-23 00:00:00'),(143,1,'2015-10-04 00:00:00'),(144,10,'2016-11-18 00:00:00'),(145,6,'2015-09-16 00:00:00'),(146,10,'2015-10-11 00:00:00'),(147,8,'2015-10-26 00:00:00'),(148,10,'2016-01-06 00:00:00'),(149,8,'2015-12-31 00:00:00'),(150,1,'2015-10-25 00:00:00'),(151,8,'2015-10-17 00:00:00'),(152,4,'2016-06-23 00:00:00'),(153,1,'2016-12-17 00:00:00'),(154,5,'2016-12-26 00:00:00'),(155,4,'2016-02-18 00:00:00'),(156,10,'2016-10-29 00:00:00'),(157,3,'2016-07-09 00:00:00'),(158,7,'2015-10-13 00:00:00'),(159,10,'2016-01-21 00:00:00'),(160,3,'2016-07-24 00:00:00'),(161,8,'2016-05-09 00:00:00'),(162,7,'2015-12-17 00:00:00'),(163,5,'2016-05-12 00:00:00'),(164,8,'2016-06-24 00:00:00'),(165,7,'2015-11-27 00:00:00'),(166,3,'2016-09-28 00:00:00'),(167,5,'2016-04-11 00:00:00'),(168,5,'2016-06-07 00:00:00'),(169,6,'2016-04-26 00:00:00'),(170,9,'2016-10-15 00:00:00'),(171,8,'2016-12-04 00:00:00'),(172,6,'2016-08-21 00:00:00'),(173,8,'2016-11-24 00:00:00'),(174,2,'2016-01-12 00:00:00'),(175,10,'2016-09-12 00:00:00'),(176,3,'2016-05-02 00:00:00'),(177,7,'2016-07-19 00:00:00'),(178,2,'2016-11-03 00:00:00'),(179,5,'2015-11-20 00:00:00'),(180,4,'2016-11-21 00:00:00'),(181,8,'2015-12-04 00:00:00'),(182,7,'2016-06-02 00:00:00'),(183,2,'2015-11-07 00:00:00'),(184,6,'2015-10-01 00:00:00'),(185,9,'2016-07-30 00:00:00'),(186,7,'2016-03-26 00:00:00'),(187,2,'2016-06-19 00:00:00'),(188,6,'2015-12-12 00:00:00'),(189,5,'2016-11-28 00:00:00'),(190,7,'2016-08-16 00:00:00'),(191,3,'2016-03-09 00:00:00'),(192,1,'2016-12-19 00:00:00'),(193,9,'2016-11-13 00:00:00'),(194,1,'2015-12-15 00:00:00'),(195,2,'2016-02-17 00:00:00'),(196,6,'2016-02-29 00:00:00'),(197,10,'2016-10-14 00:00:00'),(198,10,'2015-11-16 00:00:00'),(199,2,'2015-09-28 00:00:00'),(200,8,'2016-06-02 00:00:00'),(201,10,'2015-10-14 00:00:00'),(202,7,'2016-02-17 00:00:00'),(203,6,'2015-11-01 00:00:00'),(204,1,'2015-12-02 00:00:00'),(205,9,'2016-12-25 00:00:00'),(206,4,'2016-08-28 00:00:00'),(207,8,'2015-10-23 00:00:00'),(208,10,'2016-03-19 00:00:00'),(209,7,'2016-06-07 00:00:00'),(210,10,'2015-09-28 00:00:00'),(211,4,'2016-08-18 00:00:00'),(212,6,'2016-03-26 00:00:00'),(213,6,'2016-02-08 00:00:00'),(214,4,'2016-05-11 00:00:00'),(215,1,'2016-08-30 00:00:00'),(216,9,'2015-10-14 00:00:00'),(217,5,'2015-09-28 00:00:00'),(218,2,'2016-04-24 00:00:00'),(219,7,'2016-12-02 00:00:00'),(220,10,'2015-12-07 00:00:00'),(221,10,'2016-05-24 00:00:00'),(222,7,'2016-01-26 00:00:00'),(223,7,'2016-07-10 00:00:00'),(224,3,'2016-07-01 00:00:00'),(225,7,'2016-01-27 00:00:00'),(226,1,'2015-10-28 00:00:00'),(227,6,'2015-10-05 00:00:00'),(228,4,'2016-06-04 00:00:00'),(229,1,'2015-10-13 00:00:00'),(230,9,'2016-08-21 00:00:00'),(231,8,'2015-11-15 00:00:00'),(232,2,'2016-07-04 00:00:00'),(233,1,'2015-12-15 00:00:00'),(234,2,'2016-02-11 00:00:00'),(235,6,'2016-09-01 00:00:00'),(236,3,'2015-10-10 00:00:00'),(237,4,'2016-04-03 00:00:00'),(238,1,'2016-11-19 00:00:00'),(239,6,'2015-09-30 00:00:00'),(240,4,'2016-01-15 00:00:00'),(241,4,'2015-12-06 00:00:00'),(242,3,'2016-02-20 00:00:00'),(243,10,'2016-11-05 00:00:00'),(244,10,'2016-06-25 00:00:00'),(245,4,'2016-12-20 00:00:00'),(246,2,'2016-09-08 00:00:00'),(247,4,'2015-11-08 00:00:00'),(248,4,'2016-01-26 00:00:00'),(249,7,'2016-04-27 00:00:00'),(250,3,'2016-04-19 00:00:00'),(251,6,'2015-11-06 00:00:00'),(252,6,'2016-05-12 00:00:00'),(253,5,'2016-11-05 00:00:00'),(254,10,'2016-06-30 00:00:00'),(255,9,'2016-12-08 00:00:00'),(256,2,'2016-01-12 00:00:00'),(257,7,'2016-01-07 00:00:00'),(258,2,'2016-03-03 00:00:00'),(259,10,'2016-05-08 00:00:00'),(260,5,'2015-10-18 00:00:00'),(261,9,'2016-01-31 00:00:00'),(262,5,'2016-06-20 00:00:00'),(263,9,'2015-12-27 00:00:00'),(264,8,'2016-09-02 00:00:00'),(265,3,'2016-05-03 00:00:00'),(266,7,'2016-11-30 00:00:00'),(267,5,'2016-08-29 00:00:00'),(268,7,'2015-11-27 00:00:00'),(269,8,'2016-10-30 00:00:00'),(270,9,'2016-05-30 00:00:00'),(271,9,'2016-07-22 00:00:00'),(272,10,'2016-12-08 00:00:00'),(273,4,'2016-03-24 00:00:00'),(274,10,'2015-09-29 00:00:00'),(275,2,'2016-01-26 00:00:00'),(276,6,'2016-03-16 00:00:00'),(277,10,'2016-12-14 00:00:00'),(278,2,'2015-09-15 00:00:00'),(279,8,'2016-10-30 00:00:00'),(280,4,'2016-11-12 00:00:00'),(281,9,'2016-12-18 00:00:00'),(282,8,'2016-12-21 00:00:00'),(283,2,'2016-01-21 00:00:00'),(284,2,'2016-02-17 00:00:00'),(285,9,'2016-11-24 00:00:00'),(286,6,'2016-12-17 00:00:00'),(287,10,'2016-08-07 00:00:00'),(288,2,'2016-05-03 00:00:00'),(289,6,'2016-01-02 00:00:00'),(290,6,'2015-09-19 00:00:00'),(291,5,'2016-07-19 00:00:00'),(292,7,'2015-11-05 00:00:00'),(293,2,'2016-03-20 00:00:00'),(294,3,'2016-10-01 00:00:00'),(295,8,'2016-11-08 00:00:00'),(296,9,'2016-07-10 00:00:00'),(297,7,'2016-05-24 00:00:00'),(298,9,'2016-06-10 00:00:00'),(299,10,'2016-09-06 00:00:00'),(300,7,'2016-12-15 00:00:00'),(301,10,'2016-09-23 00:00:00'),(302,5,'2016-01-13 00:00:00'),(303,8,'2016-10-23 00:00:00'),(304,1,'2016-06-18 00:00:00'),(305,7,'2016-01-26 00:00:00'),(306,10,'2016-07-04 00:00:00'),(307,8,'2015-09-20 00:00:00'),(308,5,'2016-06-04 00:00:00'),(309,4,'2016-10-30 00:00:00'),(310,8,'2016-08-07 00:00:00'),(311,4,'2015-10-15 00:00:00'),(312,7,'2016-07-02 00:00:00'),(313,2,'2016-12-05 00:00:00'),(314,8,'2016-04-01 00:00:00'),(315,4,'2015-10-27 00:00:00'),(316,9,'2016-03-10 00:00:00'),(317,7,'2016-02-12 00:00:00'),(318,2,'2016-03-08 00:00:00'),(319,10,'2016-03-18 00:00:00'),(320,7,'2016-01-18 00:00:00'),(321,9,'2016-06-12 00:00:00'),(322,6,'2016-07-07 00:00:00'),(323,2,'2016-07-10 00:00:00'),(324,6,'2015-09-21 00:00:00'),(325,8,'2016-06-03 00:00:00'),(326,7,'2016-01-14 00:00:00'),(327,9,'2015-10-02 00:00:00'),(328,10,'2016-01-05 00:00:00'),(329,7,'2015-10-14 00:00:00'),(330,2,'2016-08-06 00:00:00'),(331,1,'2015-10-10 00:00:00'),(332,4,'2015-10-09 00:00:00'),(333,5,'2016-08-17 00:00:00'),(334,2,'2016-06-07 00:00:00'),(335,9,'2016-03-22 00:00:00'),(336,10,'2016-09-26 00:00:00'),(337,5,'2016-08-26 00:00:00'),(338,4,'2016-06-15 00:00:00'),(339,7,'2016-07-02 00:00:00'),(340,2,'2016-11-01 00:00:00'),(341,2,'2016-02-11 00:00:00'),(342,4,'2016-10-02 00:00:00'),(343,1,'2015-09-19 00:00:00'),(344,1,'2016-03-01 00:00:00'),(345,1,'2016-08-23 00:00:00'),(346,8,'2016-01-14 00:00:00'),(347,4,'2015-11-09 00:00:00'),(348,9,'2015-12-05 00:00:00'),(349,8,'2016-09-10 00:00:00'),(350,2,'2016-12-10 00:00:00'),(351,8,'2016-06-17 00:00:00'),(352,4,'2015-11-23 00:00:00'),(353,8,'2015-12-06 00:00:00'),(354,9,'2016-08-06 00:00:00'),(355,6,'2016-02-22 00:00:00'),(356,7,'2016-12-22 00:00:00'),(357,8,'2016-08-11 00:00:00'),(358,8,'2015-09-29 00:00:00'),(359,5,'2016-10-19 00:00:00'),(360,6,'2016-10-04 00:00:00'),(361,1,'2016-04-15 00:00:00'),(362,6,'2016-03-04 00:00:00'),(363,6,'2016-03-22 00:00:00'),(364,2,'2016-04-01 00:00:00'),(365,4,'2016-01-29 00:00:00'),(366,9,'2016-02-22 00:00:00'),(367,6,'2015-11-14 00:00:00'),(368,4,'2015-12-17 00:00:00'),(369,9,'2016-01-03 00:00:00'),(370,6,'2015-11-07 00:00:00'),(371,2,'2016-04-18 00:00:00'),(372,2,'2016-01-10 00:00:00'),(373,3,'2016-11-10 00:00:00'),(374,8,'2016-11-09 00:00:00'),(375,8,'2016-08-08 00:00:00'),(376,2,'2016-02-08 00:00:00'),(377,7,'2016-09-20 00:00:00'),(378,2,'2016-08-28 00:00:00'),(379,2,'2015-12-30 00:00:00'),(380,6,'2016-03-03 00:00:00'),(381,8,'2016-05-28 00:00:00'),(382,7,'2016-03-25 00:00:00'),(383,7,'2015-12-20 00:00:00'),(384,5,'2015-09-11 00:00:00'),(385,2,'2016-05-13 00:00:00'),(386,10,'2015-09-28 00:00:00'),(387,3,'2015-12-27 00:00:00'),(388,2,'2015-11-17 00:00:00'),(389,1,'2016-06-18 00:00:00'),(390,3,'2016-10-26 00:00:00'),(391,2,'2016-08-28 00:00:00'),(392,6,'2016-04-07 00:00:00'),(393,2,'2016-10-26 00:00:00'),(394,1,'2016-08-18 00:00:00'),(395,1,'2016-02-19 00:00:00'),(396,9,'2016-07-03 00:00:00'),(397,1,'2016-09-23 00:00:00'),(398,1,'2016-06-07 00:00:00'),(399,6,'2016-07-16 00:00:00'),(400,2,'2016-04-16 00:00:00'),(401,5,'2016-08-07 00:00:00'),(402,10,'2015-11-16 00:00:00'),(403,3,'2016-09-23 00:00:00'),(404,4,'2015-09-28 00:00:00'),(405,9,'2016-02-08 00:00:00'),(406,1,'2016-07-24 00:00:00'),(407,2,'2015-10-16 00:00:00'),(408,10,'2016-06-13 00:00:00'),(409,3,'2016-01-22 00:00:00'),(410,7,'2015-09-23 00:00:00'),(411,7,'2016-03-09 00:00:00'),(412,2,'2016-05-07 00:00:00'),(413,1,'2016-08-01 00:00:00'),(414,4,'2015-12-03 00:00:00'),(415,7,'2016-07-11 00:00:00'),(416,4,'2016-05-03 00:00:00'),(417,7,'2015-11-12 00:00:00'),(418,10,'2016-01-08 00:00:00'),(419,3,'2016-11-22 00:00:00'),(420,3,'2016-02-02 00:00:00'),(421,10,'2015-12-09 00:00:00'),(422,3,'2016-01-26 00:00:00'),(423,9,'2015-10-15 00:00:00'),(424,4,'2015-12-16 00:00:00'),(425,3,'2015-11-27 00:00:00'),(426,6,'2016-12-19 00:00:00'),(427,5,'2016-11-04 00:00:00'),(428,6,'2016-08-17 00:00:00'),(429,9,'2016-05-28 00:00:00'),(430,2,'2016-11-09 00:00:00'),(431,4,'2016-05-19 00:00:00'),(432,7,'2016-05-13 00:00:00'),(433,8,'2015-09-18 00:00:00'),(434,10,'2016-06-16 00:00:00'),(435,9,'2015-10-06 00:00:00'),(436,3,'2015-11-30 00:00:00'),(437,5,'2016-10-25 00:00:00'),(438,10,'2016-05-12 00:00:00'),(439,8,'2016-02-13 00:00:00'),(440,5,'2016-01-26 00:00:00'),(441,3,'2016-12-06 00:00:00'),(442,9,'2015-09-26 00:00:00'),(443,8,'2016-08-29 00:00:00'),(444,3,'2016-03-13 00:00:00'),(445,3,'2016-07-13 00:00:00'),(446,2,'2016-04-22 00:00:00'),(447,10,'2016-07-23 00:00:00'),(448,7,'2016-10-11 00:00:00'),(449,5,'2016-09-03 00:00:00'),(450,9,'2016-06-30 00:00:00'),(451,8,'2016-02-03 00:00:00'),(452,2,'2015-10-05 00:00:00'),(453,6,'2016-01-05 00:00:00'),(454,6,'2015-10-27 00:00:00'),(455,4,'2016-01-22 00:00:00'),(456,3,'2015-10-10 00:00:00'),(457,1,'2016-07-18 00:00:00'),(458,4,'2015-10-05 00:00:00'),(459,5,'2016-10-20 00:00:00'),(460,5,'2016-07-31 00:00:00'),(461,2,'2016-08-19 00:00:00'),(462,4,'2016-07-22 00:00:00'),(463,5,'2015-11-14 00:00:00'),(464,9,'2015-10-09 00:00:00'),(465,7,'2016-11-17 00:00:00'),(466,3,'2016-08-07 00:00:00'),(467,8,'2016-04-18 00:00:00'),(468,8,'2016-03-08 00:00:00'),(469,5,'2016-02-07 00:00:00'),(470,6,'2016-01-21 00:00:00'),(471,4,'2016-10-28 00:00:00'),(472,6,'2016-10-06 00:00:00'),(473,9,'2016-04-07 00:00:00'),(474,3,'2016-11-19 00:00:00'),(475,6,'2016-02-07 00:00:00'),(476,1,'2016-09-17 00:00:00'),(477,5,'2016-08-30 00:00:00'),(478,9,'2016-03-25 00:00:00'),(479,5,'2016-11-30 00:00:00'),(480,9,'2016-09-10 00:00:00'),(481,5,'2015-11-21 00:00:00'),(482,7,'2015-10-06 00:00:00'),(483,5,'2015-12-18 00:00:00'),(484,6,'2016-02-09 00:00:00'),(485,6,'2016-11-18 00:00:00'),(486,8,'2015-11-03 00:00:00'),(487,10,'2016-12-01 00:00:00'),(488,4,'2016-01-28 00:00:00'),(489,3,'2016-09-30 00:00:00'),(490,2,'2016-07-25 00:00:00'),(491,5,'2016-09-25 00:00:00'),(492,6,'2015-11-22 00:00:00'),(493,6,'2016-11-09 00:00:00'),(494,9,'2016-03-26 00:00:00'),(495,2,'2015-09-29 00:00:00'),(496,2,'2016-07-24 00:00:00'),(497,8,'2016-07-11 00:00:00'),(498,9,'2016-09-28 00:00:00'),(499,2,'2015-11-21 00:00:00'),(500,1,'2016-03-02 00:00:00'),(501,5,'2016-08-18 00:00:00'),(502,7,'2016-10-14 00:00:00'),(503,2,'2016-03-26 00:00:00'),(504,3,'2015-09-24 00:00:00'),(505,7,'2016-02-17 00:00:00'),(506,2,'2016-02-20 00:00:00'),(507,5,'2015-11-17 00:00:00'),(508,1,'2016-07-25 00:00:00'),(509,1,'2015-10-09 00:00:00'),(510,2,'2016-10-24 00:00:00'),(511,6,'2016-01-12 00:00:00'),(512,9,'2016-01-28 00:00:00'),(513,1,'2016-01-04 00:00:00'),(514,4,'2016-08-30 00:00:00'),(515,2,'2015-12-22 00:00:00'),(516,10,'2016-04-14 00:00:00'),(517,3,'2016-06-17 00:00:00'),(518,1,'2016-06-16 00:00:00'),(519,7,'2016-03-29 00:00:00'),(520,8,'2015-12-25 00:00:00'),(521,6,'2016-02-06 00:00:00'),(522,5,'2016-11-06 00:00:00'),(523,6,'2015-10-08 00:00:00'),(524,2,'2016-05-01 00:00:00'),(525,4,'2016-07-08 00:00:00'),(526,9,'2015-12-26 00:00:00'),(527,6,'2016-10-30 00:00:00'),(528,2,'2016-09-22 00:00:00'),(529,6,'2016-06-29 00:00:00'),(530,9,'2016-05-08 00:00:00'),(531,10,'2016-07-12 00:00:00'),(532,3,'2016-09-09 00:00:00'),(533,4,'2016-01-07 00:00:00'),(534,7,'2015-12-27 00:00:00'),(535,5,'2016-12-15 00:00:00'),(536,3,'2016-03-31 00:00:00'),(537,4,'2015-09-15 00:00:00'),(538,1,'2016-08-26 00:00:00'),(539,3,'2016-10-25 00:00:00'),(540,5,'2015-12-10 00:00:00'),(541,5,'2016-06-09 00:00:00'),(542,5,'2016-03-12 00:00:00'),(543,2,'2016-11-29 00:00:00'),(544,6,'2016-05-30 00:00:00'),(545,1,'2016-08-13 00:00:00'),(546,4,'2016-03-07 00:00:00'),(547,2,'2015-09-16 00:00:00'),(548,3,'2016-06-10 00:00:00'),(549,8,'2016-04-30 00:00:00'),(550,5,'2016-12-01 00:00:00'),(551,4,'2016-01-06 00:00:00'),(552,3,'2016-08-25 00:00:00'),(553,5,'2016-07-26 00:00:00'),(554,6,'2016-02-15 00:00:00'),(555,6,'2016-08-05 00:00:00'),(556,3,'2015-09-19 00:00:00'),(557,5,'2016-12-02 00:00:00'),(558,9,'2016-08-10 00:00:00'),(559,3,'2016-06-14 00:00:00'),(560,3,'2016-03-26 00:00:00'),(561,8,'2016-02-02 00:00:00'),(562,4,'2016-07-09 00:00:00'),(563,3,'2016-11-28 00:00:00'),(564,5,'2016-06-15 00:00:00'),(565,6,'2015-09-13 00:00:00'),(566,3,'2016-10-30 00:00:00'),(567,7,'2016-11-04 00:00:00'),(568,6,'2016-05-14 00:00:00'),(569,9,'2015-10-12 00:00:00'),(570,8,'2015-10-16 00:00:00'),(571,1,'2016-03-05 00:00:00'),(572,4,'2015-09-19 00:00:00'),(573,8,'2016-05-07 00:00:00'),(574,1,'2015-12-04 00:00:00'),(575,6,'2016-12-17 00:00:00'),(576,3,'2016-03-05 00:00:00'),(577,1,'2016-03-11 00:00:00'),(578,4,'2016-06-20 00:00:00'),(579,2,'2015-12-20 00:00:00'),(580,3,'2016-08-24 00:00:00'),(581,6,'2016-08-09 00:00:00'),(582,6,'2016-04-25 00:00:00'),(583,10,'2015-12-15 00:00:00'),(584,3,'2015-11-08 00:00:00'),(585,2,'2016-10-16 00:00:00'),(586,3,'2015-09-24 00:00:00'),(587,1,'2016-01-29 00:00:00'),(588,8,'2016-05-14 00:00:00'),(589,7,'2016-09-13 00:00:00'),(590,8,'2016-11-04 00:00:00'),(591,3,'2016-01-25 00:00:00'),(592,7,'2015-09-18 00:00:00'),(593,7,'2016-01-09 00:00:00'),(594,5,'2016-12-23 00:00:00'),(595,8,'2016-09-22 00:00:00'),(596,5,'2016-08-03 00:00:00'),(597,2,'2016-02-06 00:00:00'),(598,6,'2015-10-10 00:00:00'),(599,2,'2015-11-23 00:00:00'),(600,10,'2016-09-19 00:00:00'),(601,9,'2016-03-13 00:00:00'),(602,7,'2015-12-16 00:00:00'),(603,8,'2016-10-28 00:00:00'),(604,7,'2016-04-26 00:00:00'),(605,4,'2016-03-27 00:00:00'),(606,8,'2016-03-08 00:00:00'),(607,4,'2016-06-27 00:00:00'),(608,9,'2016-03-07 00:00:00'),(609,4,'2015-09-12 00:00:00'),(610,8,'2016-02-14 00:00:00'),(611,1,'2015-10-13 00:00:00'),(612,4,'2016-01-23 00:00:00'),(613,4,'2015-12-04 00:00:00'),(614,4,'2016-11-12 00:00:00'),(615,7,'2016-05-22 00:00:00'),(616,10,'2016-02-14 00:00:00'),(617,6,'2016-05-04 00:00:00'),(618,4,'2016-06-24 00:00:00'),(619,1,'2016-01-10 00:00:00'),(620,7,'2016-12-30 00:00:00'),(621,4,'2016-04-08 00:00:00'),(622,1,'2016-03-07 00:00:00'),(623,8,'2016-09-12 00:00:00'),(624,8,'2016-11-20 00:00:00'),(625,3,'2015-10-30 00:00:00'),(626,2,'2016-06-09 00:00:00'),(627,9,'2016-01-11 00:00:00'),(628,5,'2016-06-03 00:00:00'),(629,5,'2015-12-14 00:00:00'),(630,8,'2016-09-13 00:00:00'),(631,2,'2015-11-14 00:00:00'),(632,7,'2016-07-17 00:00:00'),(633,3,'2016-07-10 00:00:00'),(634,9,'2016-12-28 00:00:00'),(635,10,'2016-02-16 00:00:00'),(636,8,'2016-06-04 00:00:00'),(637,10,'2016-03-02 00:00:00'),(638,2,'2016-10-09 00:00:00'),(639,8,'2016-08-02 00:00:00'),(640,8,'2016-11-18 00:00:00'),(641,5,'2016-12-22 00:00:00'),(642,3,'2016-12-15 00:00:00'),(643,6,'2016-02-16 00:00:00'),(644,6,'2016-07-30 00:00:00'),(645,5,'2016-12-22 00:00:00'),(646,2,'2016-01-14 00:00:00'),(647,10,'2016-05-30 00:00:00'),(648,2,'2016-09-02 00:00:00'),(649,8,'2015-11-28 00:00:00'),(650,6,'2015-10-16 00:00:00'),(651,7,'2016-08-26 00:00:00'),(652,1,'2016-01-20 00:00:00'),(653,2,'2016-06-10 00:00:00'),(654,3,'2015-12-30 00:00:00'),(655,2,'2016-10-16 00:00:00'),(656,9,'2015-10-03 00:00:00'),(657,1,'2016-07-03 00:00:00'),(658,10,'2015-10-09 00:00:00'),(659,8,'2016-05-25 00:00:00'),(660,6,'2016-04-29 00:00:00'),(661,8,'2015-12-08 00:00:00'),(662,8,'2016-07-10 00:00:00'),(663,4,'2016-07-23 00:00:00'),(664,9,'2016-11-26 00:00:00'),(665,1,'2015-11-10 00:00:00'),(666,9,'2016-02-15 00:00:00'),(667,7,'2016-07-12 00:00:00'),(668,3,'2016-12-12 00:00:00'),(669,2,'2016-08-14 00:00:00'),(670,6,'2016-04-22 00:00:00'),(671,6,'2016-02-15 00:00:00'),(672,10,'2016-03-04 00:00:00'),(673,5,'2016-05-23 00:00:00'),(674,1,'2016-11-16 00:00:00'),(675,4,'2015-11-29 00:00:00'),(676,4,'2016-06-20 00:00:00'),(677,3,'2015-11-15 00:00:00'),(678,9,'2015-10-24 00:00:00'),(679,1,'2016-06-30 00:00:00'),(680,8,'2016-07-09 00:00:00'),(681,10,'2015-09-19 00:00:00'),(682,7,'2016-06-25 00:00:00'),(683,6,'2016-06-09 00:00:00'),(684,3,'2016-10-31 00:00:00'),(685,4,'2016-09-04 00:00:00'),(686,1,'2016-10-10 00:00:00'),(687,2,'2016-10-27 00:00:00'),(688,4,'2015-09-27 00:00:00'),(689,10,'2016-07-05 00:00:00'),(690,8,'2016-04-23 00:00:00'),(691,1,'2016-02-15 00:00:00'),(692,5,'2015-11-19 00:00:00'),(693,3,'2016-01-30 00:00:00'),(694,10,'2016-01-19 00:00:00'),(695,10,'2016-01-11 00:00:00'),(696,3,'2016-07-19 00:00:00'),(697,3,'2016-10-31 00:00:00'),(698,5,'2016-12-01 00:00:00'),(699,9,'2016-10-07 00:00:00'),(700,6,'2016-08-20 00:00:00'),(701,6,'2015-11-22 00:00:00'),(702,1,'2016-07-21 00:00:00'),(703,7,'2016-08-30 00:00:00'),(704,4,'2016-03-26 00:00:00'),(705,9,'2016-07-10 00:00:00'),(706,10,'2015-11-25 00:00:00'),(707,4,'2016-12-09 00:00:00'),(708,3,'2016-04-06 00:00:00'),(709,8,'2016-05-28 00:00:00'),(710,9,'2015-11-26 00:00:00'),(711,9,'2016-07-02 00:00:00'),(712,5,'2015-10-19 00:00:00'),(713,1,'2015-10-15 00:00:00'),(714,9,'2016-11-29 00:00:00'),(715,7,'2016-10-10 00:00:00'),(716,10,'2016-04-21 00:00:00'),(717,2,'2015-12-14 00:00:00'),(718,10,'2016-12-30 00:00:00'),(719,5,'2016-10-06 00:00:00'),(720,5,'2016-02-05 00:00:00'),(721,5,'2016-01-29 00:00:00'),(722,3,'2016-03-29 00:00:00'),(723,9,'2016-09-14 00:00:00'),(724,4,'2016-05-05 00:00:00'),(725,7,'2016-06-09 00:00:00'),(726,2,'2015-11-07 00:00:00'),(727,3,'2016-04-24 00:00:00'),(728,6,'2016-07-31 00:00:00'),(729,7,'2015-12-25 00:00:00'),(730,1,'2016-04-09 00:00:00'),(731,10,'2016-01-13 00:00:00'),(732,5,'2015-09-25 00:00:00'),(733,1,'2015-09-27 00:00:00'),(734,9,'2016-03-21 00:00:00'),(735,8,'2016-04-06 00:00:00'),(736,8,'2016-02-05 00:00:00'),(737,8,'2015-12-05 00:00:00'),(738,10,'2016-12-23 00:00:00'),(739,5,'2016-06-17 00:00:00'),(740,2,'2016-01-18 00:00:00'),(741,4,'2015-11-15 00:00:00'),(742,7,'2016-02-23 00:00:00'),(743,1,'2016-06-22 00:00:00'),(744,9,'2015-11-26 00:00:00'),(745,7,'2016-07-11 00:00:00'),(746,9,'2016-10-31 00:00:00'),(747,10,'2016-05-13 00:00:00'),(748,6,'2016-02-29 00:00:00'),(749,8,'2016-11-28 00:00:00'),(750,4,'2016-03-22 00:00:00'),(751,8,'2016-04-25 00:00:00'),(752,7,'2015-10-28 00:00:00'),(753,1,'2016-04-10 00:00:00'),(754,1,'2016-06-29 00:00:00'),(755,9,'2016-06-05 00:00:00'),(756,8,'2015-12-11 00:00:00'),(757,6,'2016-01-21 00:00:00'),(758,9,'2016-02-07 00:00:00'),(759,5,'2016-06-08 00:00:00'),(760,3,'2016-08-09 00:00:00'),(761,6,'2015-10-17 00:00:00'),(762,6,'2015-10-30 00:00:00'),(763,5,'2016-04-24 00:00:00'),(764,5,'2015-11-18 00:00:00'),(765,6,'2015-12-29 00:00:00'),(766,8,'2016-09-14 00:00:00'),(767,9,'2016-01-15 00:00:00'),(768,8,'2016-03-03 00:00:00'),(769,10,'2016-12-11 00:00:00'),(770,6,'2016-08-31 00:00:00'),(771,10,'2016-10-27 00:00:00'),(772,2,'2015-12-25 00:00:00'),(773,6,'2016-04-26 00:00:00'),(774,1,'2015-09-19 00:00:00'),(775,8,'2015-09-15 00:00:00'),(776,1,'2016-01-08 00:00:00'),(777,4,'2016-01-25 00:00:00'),(778,8,'2016-08-02 00:00:00'),(779,9,'2016-10-08 00:00:00'),(780,1,'2015-11-28 00:00:00'),(781,10,'2016-03-09 00:00:00'),(782,7,'2016-09-09 00:00:00'),(783,2,'2016-10-04 00:00:00'),(784,8,'2016-02-26 00:00:00'),(785,1,'2015-10-31 00:00:00'),(786,10,'2016-01-28 00:00:00'),(787,6,'2015-09-26 00:00:00'),(788,6,'2015-11-02 00:00:00'),(789,2,'2015-10-03 00:00:00'),(790,1,'2016-06-04 00:00:00'),(791,9,'2016-10-20 00:00:00'),(792,2,'2015-11-21 00:00:00'),(793,9,'2015-11-30 00:00:00'),(794,10,'2016-11-12 00:00:00'),(795,1,'2016-07-23 00:00:00'),(796,1,'2015-10-03 00:00:00'),(797,9,'2015-09-12 00:00:00'),(798,9,'2016-08-02 00:00:00'),(799,1,'2016-12-03 00:00:00'),(800,1,'2016-06-19 00:00:00'),(801,9,'2015-11-13 00:00:00'),(802,2,'2015-09-18 00:00:00'),(803,2,'2016-03-18 00:00:00'),(804,5,'2016-08-02 00:00:00'),(805,3,'2016-01-12 00:00:00'),(806,2,'2016-05-10 00:00:00'),(807,7,'2015-10-06 00:00:00'),(808,3,'2016-01-04 00:00:00'),(809,2,'2016-05-03 00:00:00'),(810,2,'2015-12-23 00:00:00'),(811,3,'2015-12-17 00:00:00'),(812,3,'2015-12-12 00:00:00'),(813,9,'2015-10-18 00:00:00'),(814,1,'2015-09-24 00:00:00'),(815,7,'2016-11-21 00:00:00'),(816,1,'2015-10-13 00:00:00'),(817,1,'2016-05-09 00:00:00'),(818,10,'2015-12-24 00:00:00'),(819,10,'2015-12-23 00:00:00'),(820,5,'2016-02-26 00:00:00'),(821,9,'2015-11-18 00:00:00'),(822,3,'2016-06-16 00:00:00'),(823,9,'2016-05-17 00:00:00'),(824,1,'2016-04-01 00:00:00'),(825,7,'2016-12-18 00:00:00'),(826,2,'2015-12-01 00:00:00'),(827,4,'2016-11-20 00:00:00'),(828,10,'2016-03-14 00:00:00'),(829,5,'2016-01-06 00:00:00'),(830,2,'2015-09-17 00:00:00'),(831,1,'2015-09-29 00:00:00'),(832,6,'2015-12-21 00:00:00'),(833,5,'2015-12-01 00:00:00'),(834,4,'2016-04-14 00:00:00'),(835,9,'2016-02-19 00:00:00'),(836,5,'2016-10-30 00:00:00'),(837,5,'2016-07-27 00:00:00'),(838,2,'2016-08-03 00:00:00'),(839,2,'2016-01-24 00:00:00'),(840,3,'2015-12-19 00:00:00'),(841,4,'2016-09-06 00:00:00'),(842,7,'2016-04-04 00:00:00'),(843,9,'2016-09-03 00:00:00'),(844,10,'2016-07-24 00:00:00'),(845,7,'2016-01-03 00:00:00'),(846,3,'2015-11-26 00:00:00'),(847,4,'2016-09-09 00:00:00'),(848,10,'2016-10-12 00:00:00'),(849,3,'2016-10-02 00:00:00'),(850,2,'2016-02-12 00:00:00'),(851,2,'2015-10-26 00:00:00'),(852,8,'2016-07-10 00:00:00'),(853,4,'2016-07-16 00:00:00'),(854,10,'2016-12-14 00:00:00'),(855,2,'2016-04-05 00:00:00'),(856,2,'2015-12-10 00:00:00'),(857,7,'2016-06-02 00:00:00'),(858,4,'2016-10-27 00:00:00'),(859,6,'2016-04-11 00:00:00'),(860,7,'2016-02-03 00:00:00'),(861,5,'2015-12-17 00:00:00'),(862,10,'2016-12-18 00:00:00'),(863,9,'2016-10-17 00:00:00'),(864,7,'2016-11-16 00:00:00'),(865,3,'2015-10-23 00:00:00'),(866,2,'2016-09-30 00:00:00'),(867,5,'2016-03-31 00:00:00'),(868,1,'2016-12-10 00:00:00'),(869,10,'2016-09-10 00:00:00'),(870,2,'2015-09-13 00:00:00'),(871,2,'2015-10-24 00:00:00'),(872,7,'2016-03-15 00:00:00'),(873,3,'2016-10-07 00:00:00'),(874,3,'2016-12-11 00:00:00'),(875,3,'2016-09-17 00:00:00'),(876,10,'2016-12-11 00:00:00'),(877,10,'2016-08-24 00:00:00'),(878,6,'2016-12-10 00:00:00'),(879,9,'2016-08-26 00:00:00'),(880,9,'2015-12-27 00:00:00'),(881,1,'2015-10-22 00:00:00'),(882,6,'2015-09-16 00:00:00'),(883,10,'2016-04-24 00:00:00'),(884,3,'2016-06-17 00:00:00'),(885,6,'2016-11-08 00:00:00'),(886,10,'2016-04-07 00:00:00'),(887,9,'2016-09-22 00:00:00'),(888,7,'2016-07-07 00:00:00'),(889,6,'2015-10-19 00:00:00'),(890,9,'2016-11-04 00:00:00'),(891,9,'2016-10-20 00:00:00'),(892,6,'2016-10-20 00:00:00'),(893,9,'2016-09-11 00:00:00'),(894,6,'2015-11-20 00:00:00'),(895,4,'2016-07-24 00:00:00'),(896,8,'2016-02-13 00:00:00'),(897,4,'2016-03-25 00:00:00'),(898,9,'2016-01-16 00:00:00'),(899,9,'2016-02-04 00:00:00'),(900,2,'2015-11-09 00:00:00'),(901,6,'2016-04-12 00:00:00'),(902,3,'2015-12-03 00:00:00'),(903,9,'2016-03-17 00:00:00'),(904,5,'2016-10-22 00:00:00'),(905,8,'2016-03-17 00:00:00'),(906,3,'2016-02-20 00:00:00'),(907,2,'2016-06-09 00:00:00'),(908,4,'2016-10-07 00:00:00'),(909,10,'2016-12-29 00:00:00'),(910,7,'2016-10-15 00:00:00'),(911,2,'2016-02-24 00:00:00'),(912,8,'2016-03-26 00:00:00'),(913,7,'2016-05-08 00:00:00'),(914,9,'2016-07-16 00:00:00'),(915,8,'2016-05-24 00:00:00'),(916,10,'2015-09-13 00:00:00'),(917,2,'2016-02-20 00:00:00'),(918,8,'2015-12-27 00:00:00'),(919,1,'2016-12-28 00:00:00'),(920,4,'2015-12-22 00:00:00'),(921,6,'2016-10-02 00:00:00'),(922,4,'2016-07-08 00:00:00'),(923,5,'2016-09-03 00:00:00'),(924,8,'2016-08-19 00:00:00'),(925,6,'2016-03-31 00:00:00'),(926,8,'2016-03-22 00:00:00'),(927,9,'2016-08-21 00:00:00'),(928,3,'2016-05-24 00:00:00'),(929,2,'2016-05-06 00:00:00'),(930,1,'2015-09-28 00:00:00'),(931,1,'2016-12-13 00:00:00'),(932,4,'2015-09-21 00:00:00'),(933,3,'2015-12-29 00:00:00'),(934,3,'2015-09-29 00:00:00'),(935,3,'2016-02-13 00:00:00'),(936,2,'2016-06-28 00:00:00'),(937,3,'2016-10-04 00:00:00'),(938,6,'2016-05-16 00:00:00'),(939,3,'2016-08-08 00:00:00'),(940,2,'2016-02-05 00:00:00'),(941,8,'2016-09-26 00:00:00'),(942,6,'2016-11-12 00:00:00'),(943,5,'2016-05-23 00:00:00'),(944,1,'2016-09-01 00:00:00'),(945,8,'2016-07-02 00:00:00'),(946,6,'2015-10-14 00:00:00'),(947,1,'2016-10-11 00:00:00'),(948,1,'2016-11-05 00:00:00'),(949,10,'2016-02-22 00:00:00'),(950,7,'2016-01-23 00:00:00'),(951,9,'2015-12-05 00:00:00'),(952,10,'2016-10-01 00:00:00'),(953,4,'2015-11-14 00:00:00'),(954,9,'2016-06-04 00:00:00'),(955,9,'2016-06-08 00:00:00'),(956,4,'2016-12-10 00:00:00'),(957,9,'2016-06-16 00:00:00'),(958,2,'2016-11-08 00:00:00'),(959,7,'2016-01-24 00:00:00'),(960,10,'2015-11-23 00:00:00'),(961,3,'2016-03-28 00:00:00'),(962,3,'2016-04-28 00:00:00'),(963,4,'2016-02-12 00:00:00'),(964,7,'2016-02-04 00:00:00'),(965,6,'2016-01-26 00:00:00'),(966,5,'2016-02-20 00:00:00'),(967,2,'2016-04-30 00:00:00'),(968,7,'2016-04-19 00:00:00'),(969,1,'2016-04-27 00:00:00'),(970,1,'2016-04-16 00:00:00'),(971,5,'2016-11-11 00:00:00'),(972,5,'2016-03-28 00:00:00'),(973,4,'2016-01-14 00:00:00'),(974,6,'2016-06-24 00:00:00'),(975,8,'2016-12-03 00:00:00'),(976,4,'2016-04-14 00:00:00'),(977,10,'2016-12-25 00:00:00'),(978,4,'2016-06-26 00:00:00'),(979,10,'2016-02-03 00:00:00'),(980,6,'2016-12-22 00:00:00'),(981,4,'2016-05-09 00:00:00'),(982,10,'2015-10-10 00:00:00'),(983,6,'2016-04-23 00:00:00'),(984,10,'2016-07-02 00:00:00'),(985,1,'2016-06-01 00:00:00'),(986,5,'2015-09-12 00:00:00'),(987,5,'2016-05-01 00:00:00'),(988,8,'2016-11-28 00:00:00'),(989,6,'2016-08-23 00:00:00'),(990,7,'2016-02-01 00:00:00'),(991,8,'2016-01-26 00:00:00'),(992,3,'2015-09-22 00:00:00'),(993,7,'2016-08-07 00:00:00'),(994,10,'2016-06-16 00:00:00'),(995,6,'2016-05-29 00:00:00'),(996,1,'2016-06-20 00:00:00'),(997,7,'2016-11-08 00:00:00'),(998,4,'2015-10-03 00:00:00'),(999,7,'2015-12-08 00:00:00'),(1000,8,'2016-02-08 00:00:00'),(1001,4,'2016-09-01 00:00:00'),(1002,3,'2015-12-10 00:00:00'),(1003,2,'2016-08-30 00:00:00'),(1004,5,'2016-12-25 00:00:00'),(1005,3,'2016-07-19 00:00:00'),(1006,10,'2015-11-15 00:00:00'),(1007,2,'2015-10-01 00:00:00'),(1008,8,'2015-12-24 00:00:00'),(1009,9,'2016-09-26 00:00:00'),(1010,4,'2016-08-27 00:00:00'),(1011,4,'2016-03-06 00:00:00'),(1012,3,'2016-03-21 00:00:00'),(1013,5,'2016-12-25 00:00:00'),(1014,2,'2016-07-04 00:00:00'),(1015,10,'2015-11-07 00:00:00'),(1016,9,'2016-11-21 00:00:00'),(1017,2,'2016-01-12 00:00:00'),(1018,1,'2015-10-28 00:00:00'),(1019,1,'2015-12-27 00:00:00'),(1020,9,'2016-04-23 00:00:00'),(1021,7,'2016-03-08 00:00:00'),(1022,5,'2016-10-08 00:00:00'),(1023,1,'2016-09-16 00:00:00'),(1024,6,'2015-11-25 00:00:00'),(1025,9,'2016-10-21 00:00:00'),(1026,3,'2016-11-25 00:00:00'),(1027,4,'2015-12-26 00:00:00'),(1028,3,'2016-04-29 00:00:00'),(1029,2,'2016-09-17 00:00:00'),(1030,10,'2016-03-12 00:00:00'),(1031,3,'2015-10-03 00:00:00'),(1032,4,'2016-09-12 00:00:00'),(1033,9,'2016-03-22 00:00:00'),(1034,7,'2016-02-05 00:00:00'),(1035,8,'2016-12-12 00:00:00'),(1036,4,'2016-05-12 00:00:00'),(1037,4,'2016-03-17 00:00:00'),(1038,2,'2016-09-07 00:00:00'),(1039,10,'2016-03-10 00:00:00'),(1040,3,'2016-09-02 00:00:00'),(1041,7,'2016-10-03 00:00:00'),(1042,1,'2016-04-14 00:00:00'),(1043,10,'2016-12-31 00:00:00'),(1044,8,'2016-01-07 00:00:00'),(1045,7,'2015-10-02 00:00:00'),(1046,1,'2016-08-01 00:00:00'),(1047,5,'2016-11-30 00:00:00'),(1048,4,'2016-03-20 00:00:00'),(1049,8,'2016-02-11 00:00:00'),(1050,3,'2016-12-18 00:00:00'),(1051,5,'2016-05-04 00:00:00'),(1052,9,'2016-07-03 00:00:00'),(1053,4,'2016-10-08 00:00:00'),(1054,3,'2015-10-10 00:00:00'),(1055,9,'2016-01-30 00:00:00'),(1056,2,'2016-04-05 00:00:00'),(1057,9,'2016-04-28 00:00:00'),(1058,5,'2015-11-21 00:00:00'),(1059,5,'2016-10-09 00:00:00'),(1060,9,'2016-01-13 00:00:00'),(1061,10,'2015-09-27 00:00:00'),(1062,10,'2016-12-16 00:00:00'),(1063,4,'2016-03-17 00:00:00'),(1064,8,'2016-02-06 00:00:00'),(1065,3,'2015-10-19 00:00:00'),(1066,6,'2015-09-11 00:00:00'),(1067,7,'2016-09-13 00:00:00'),(1068,6,'2016-04-21 00:00:00'),(1069,6,'2015-09-11 00:00:00'),(1070,4,'2016-09-25 00:00:00'),(1071,3,'2016-02-21 00:00:00'),(1072,9,'2016-03-25 00:00:00'),(1073,6,'2015-11-05 00:00:00'),(1074,10,'2016-02-06 00:00:00'),(1075,6,'2016-12-15 00:00:00'),(1076,1,'2016-10-05 00:00:00'),(1077,8,'2016-05-15 00:00:00'),(1078,10,'2016-12-20 00:00:00'),(1079,3,'2015-11-22 00:00:00'),(1080,3,'2016-07-10 00:00:00'),(1081,7,'2016-06-10 00:00:00'),(1082,4,'2016-10-03 00:00:00'),(1083,3,'2016-01-12 00:00:00'),(1084,3,'2016-12-01 00:00:00'),(1085,8,'2016-10-04 00:00:00'),(1086,2,'2016-06-06 00:00:00'),(1087,10,'2016-12-14 00:00:00'),(1088,1,'2016-12-25 00:00:00'),(1089,3,'2016-05-26 00:00:00'),(1090,6,'2015-09-23 00:00:00'),(1091,9,'2016-11-01 00:00:00'),(1092,4,'2016-05-11 00:00:00'),(1093,5,'2016-07-07 00:00:00'),(1094,8,'2016-02-04 00:00:00'),(1095,10,'2016-09-14 00:00:00'),(1096,4,'2015-09-19 00:00:00'),(1097,9,'2016-06-13 00:00:00'),(1098,9,'2016-08-05 00:00:00'),(1099,7,'2015-11-04 00:00:00'),(1100,10,'2015-10-29 00:00:00'),(1101,7,'2016-02-29 00:00:00'),(1102,4,'2015-10-23 00:00:00'),(1103,1,'2016-07-14 00:00:00'),(1104,2,'2016-03-23 00:00:00'),(1105,5,'2016-03-07 00:00:00'),(1106,3,'2016-08-07 00:00:00'),(1107,3,'2016-01-22 00:00:00'),(1108,10,'2016-07-12 00:00:00'),(1109,10,'2016-08-05 00:00:00'),(1110,5,'2016-08-07 00:00:00'),(1111,8,'2016-11-09 00:00:00'),(1112,5,'2016-10-02 00:00:00'),(1113,6,'2016-05-28 00:00:00'),(1114,7,'2016-02-05 00:00:00'),(1115,5,'2015-11-10 00:00:00'),(1116,5,'2016-06-20 00:00:00'),(1117,7,'2015-10-18 00:00:00'),(1118,8,'2016-10-03 00:00:00'),(1119,3,'2016-09-08 00:00:00'),(1120,2,'2016-11-19 00:00:00'),(1121,7,'2016-07-19 00:00:00'),(1122,10,'2016-03-11 00:00:00'),(1123,1,'2016-10-01 00:00:00'),(1124,6,'2016-10-18 00:00:00'),(1125,6,'2016-12-17 00:00:00'),(1126,9,'2016-12-15 00:00:00'),(1127,8,'2016-01-08 00:00:00'),(1128,8,'2016-02-14 00:00:00'),(1129,7,'2016-01-21 00:00:00'),(1130,5,'2016-04-17 00:00:00');
/*!40000 ALTER TABLE `availability` ENABLE KEYS */;
UNLOCK TABLES;

--
-- Table structure for table `guides`
--

DROP TABLE IF EXISTS `guides`;
/*!40101 SET @saved_cs_client     = @@character_set_client */;
/*!40101 SET character_set_client = utf8 */;
CREATE TABLE `guides` (
  `id` int(11) NOT NULL AUTO_INCREMENT,
  `name` varchar(45) DEFAULT NULL,
  `description` text,
  `location` varchar(45) DEFAULT NULL,
  `image` varchar(255) DEFAULT NULL,
  `price` float DEFAULT NULL,
  `dob` datetime DEFAULT NULL,
  `phone` varchar(45) DEFAULT NULL,
  `email` varchar(255) DEFAULT NULL,
  `password` varchar(255) DEFAULT NULL,
  `created_at` datetime DEFAULT NULL,
  `updated_at` datetime DEFAULT NULL,
  PRIMARY KEY (`id`)
) ENGINE=InnoDB AUTO_INCREMENT=50 DEFAULT CHARSET=latin1;
/*!40101 SET character_set_client = @saved_cs_client */;

--
-- Dumping data for table `guides`
--

LOCK TABLES `guides` WRITE;
/*!40000 ALTER TABLE `guides` DISABLE KEYS */;
INSERT INTO `guides` VALUES (1,'Sue Su','I don\'t really know what I\'m talking about most of the time.','San Jose, CA','',50,'1997-11-28 00:00:00','4087020692','suesu@gmail.com','22843bcc1e4bf833879a6af91b78c014','2015-08-28 13:53:55','2015-08-31 19:57:17'),(2,'Sourabh Pal','Public restrooms are great places to meet strangers.','Palo Alto, CA','',1,'1988-05-23 00:00:00','6099370629','sourabh@gmail.com','a1ccf92f07ad5d86fa2d41e5fd1ad142','2015-08-28 14:51:13','2015-09-01 11:46:18'),(3,'Ray Oleaga','See the world and have a good time!','Providence, RI','',40.44,'1986-09-25 00:00:00','4013010680','ray@gmail.com','c7c7661ef885a3f37dd18bdca92a2d20','2015-08-28 14:51:27','2015-09-01 11:46:18'),(4,'Ron Sim','Come back to me.','Fremont, CA','',88.88,'1984-06-24 00:00:00','3301982689','ron@gmail.com','d03cc02a01c51b8cee222972393d707b','2015-08-28 14:51:41','2015-09-01 11:46:18'),(5,'Lan Nguyen','Bun Bo Hue','Redwood City, CA','',99.99,'1982-06-21 00:00:00','4084827159','lan@gmail.com','b26fa69b5fa46f560ee54e52c0b1e4ff','2015-08-28 14:51:55','2015-09-01 11:46:18'),(6,'Nick Leonard','If you pay enough I\'ll play around','Long Beach, CA','',77.89,'1983-07-27 00:00:00','7409836060','nick@gmail.com','907335cec18fc90a9fee95fd9d6a2ef6','2015-08-28 20:53:49','2015-09-01 11:46:18'),(7,'Scarlett Johansson','I\'m a black widow.','Honolulu, HI',NULL,24,'1987-03-02 00:00:00','3294720002','scarlett@gmail.com','907335cec18fc90a9fee95fd9d6a2ef6','2015-08-28 20:53:49','2015-09-01 11:46:18'),(8,'Timmy The Dog','Woof woof','Tampa, FL','',5,'2008-07-10 00:00:00','6099370629','timmy@gmail.com','89a1f7bd03f37fd4c86b7fbb4e417b3a','2015-09-01 14:05:19','2015-09-01 11:46:18'),(9,'Brooklyn Decker','I have boobs.','Brooklyn, NY',NULL,20,'1978-03-23 00:00:00','6099370629','brooklyn@gmail.com','5908738282bcd358a9ef299ed6f5930d','2015-09-01 14:31:55','2015-09-01 14:33:21'),(10,'Olivia Wilde','I like House','Hollywood, CA',NULL,70,'1985-08-25 00:00:00','1234567890','olivia@gmail.com','87a0e339fb7757039a79a375ae6ac906','2015-09-01 20:17:42','2015-09-01 20:18:40');
/*!40000 ALTER TABLE `guides` ENABLE KEYS */;
UNLOCK TABLES;

--
-- Table structure for table `messages`
--

DROP TABLE IF EXISTS `messages`;
/*!40101 SET @saved_cs_client     = @@character_set_client */;
/*!40101 SET character_set_client = utf8 */;
CREATE TABLE `messages` (
  `id` int(11) NOT NULL AUTO_INCREMENT,
  `user_id` int(11) NOT NULL,
  `guide_id` int(11) NOT NULL,
  `message` text,
  `created_at` datetime DEFAULT NULL,
  PRIMARY KEY (`id`),
  KEY `fk_messages_users_idx` (`user_id`),
  KEY `fk_messages_guides1_idx` (`guide_id`),
  CONSTRAINT `fk_messages_users` FOREIGN KEY (`user_id`) REFERENCES `users` (`id`) ON DELETE NO ACTION ON UPDATE NO ACTION,
  CONSTRAINT `fk_messages_guides1` FOREIGN KEY (`guide_id`) REFERENCES `guides` (`id`) ON DELETE NO ACTION ON UPDATE NO ACTION
) ENGINE=InnoDB AUTO_INCREMENT=21 DEFAULT CHARSET=latin1;
/*!40101 SET character_set_client = @saved_cs_client */;

--
-- Dumping data for table `messages`
--

LOCK TABLES `messages` WRITE;
/*!40000 ALTER TABLE `messages` DISABLE KEYS */;
INSERT INTO `messages` VALUES (1,6,1,'hello','2015-09-01 09:36:57'),(2,7,1,'whats up','2015-09-02 09:36:57'),(3,8,1,'hey dude','2015-09-03 09:36:57'),(4,4,2,'sup man','2015-08-01 09:36:57'),(5,5,2,'harrooooo','2015-08-11 09:36:57'),(6,6,3,'hello','2015-07-11 09:36:57'),(7,2,3,'hiii','2015-09-01 09:36:57'),(8,1,4,'this is a message','2015-09-02 09:36:57'),(9,2,5,'i like writing messages','2015-08-15 09:36:57'),(10,3,5,'messages are cool','2015-08-16 09:36:57'),(11,16,1,'asdf','2015-09-01 10:45:13'),(12,16,1,'another message for sue!','2015-09-01 10:45:29'),(13,16,1,'Hello','2015-09-01 11:00:21'),(14,16,1,'Hello','2015-09-01 11:01:18'),(15,3,2,'You look Indian.','2015-09-01 11:06:41'),(16,16,2,'Stop eating curry','2015-09-01 11:08:19'),(17,3,5,'Hey Lan','2015-09-01 14:08:43'),(18,16,1,'oewpijagowejfwpef','2015-09-01 14:10:40'),(19,25,1,'testing','2015-09-01 21:09:57'),(20,16,1,'whats up','2015-09-02 15:36:52');
/*!40000 ALTER TABLE `messages` ENABLE KEYS */;
UNLOCK TABLES;

--
-- Table structure for table `reservations`
--

DROP TABLE IF EXISTS `reservations`;
/*!40101 SET @saved_cs_client     = @@character_set_client */;
/*!40101 SET character_set_client = utf8 */;
CREATE TABLE `reservations` (
  `id` int(11) NOT NULL AUTO_INCREMENT,
  `user_id` int(11) NOT NULL,
  `guide_id` int(11) NOT NULL,
  `date` datetime DEFAULT NULL,
  `confirmation` int(11) DEFAULT NULL,
  `created_at` datetime DEFAULT NULL,
  `updated_at` datetime DEFAULT NULL,
  PRIMARY KEY (`id`),
  KEY `fk_reservations_users1_idx` (`user_id`),
  KEY `fk_reservations_guides1_idx` (`guide_id`),
  CONSTRAINT `fk_reservations_users1` FOREIGN KEY (`user_id`) REFERENCES `users` (`id`) ON DELETE NO ACTION ON UPDATE NO ACTION,
  CONSTRAINT `fk_reservations_guides1` FOREIGN KEY (`guide_id`) REFERENCES `guides` (`id`) ON DELETE NO ACTION ON UPDATE NO ACTION
) ENGINE=InnoDB AUTO_INCREMENT=365 DEFAULT CHARSET=latin1;
/*!40101 SET character_set_client = @saved_cs_client */;

--
-- Dumping data for table `reservations`
--

LOCK TABLES `reservations` WRITE;
/*!40000 ALTER TABLE `reservations` DISABLE KEYS */;
INSERT INTO `reservations` VALUES (37,3,5,'2015-08-31 00:00:00',203400,'2015-09-01 08:58:47','2015-09-01 08:58:47'),(38,8,5,'2015-09-10 00:00:00',822291,'2015-09-01 09:02:58','2015-09-01 09:02:58'),(39,23,1,'2015-09-09 00:00:00',163407,'2015-09-01 09:12:33','2015-09-01 09:12:33'),(40,24,1,'2015-09-10 00:00:00',169529,'2015-09-01 09:16:07','2015-09-01 09:16:07'),(41,1,3,'2015-09-15 00:00:00',787549,'2015-09-01 09:40:44','2015-09-01 09:40:44'),(42,2,8,'2015-10-23 00:00:00',232909,'2015-09-01 20:27:10','2015-09-01 20:27:18'),(43,22,9,'2015-11-22 00:00:00',432222,'2015-09-01 20:27:10','2015-09-01 20:27:18'),(44,23,8,'2015-11-12 00:00:00',439280,'2015-09-01 20:27:10','2015-09-01 20:27:18'),(45,24,6,'2015-09-12 00:00:00',652222,'2015-09-01 20:27:10','2015-09-01 20:27:18'),(46,25,8,'2015-09-25 00:00:00',239807,'2015-09-01 20:27:10','2015-09-01 20:27:18'),(47,26,5,'2015-12-12 00:00:00',532830,'2015-09-01 20:27:10','2015-09-01 20:27:18'),(48,27,8,'2015-12-30 00:00:00',401739,'2015-09-01 20:27:10','2015-09-01 20:27:18'),(49,28,9,'2015-09-25 00:00:00',449207,'2015-09-01 20:27:10','2015-09-01 20:27:18'),(50,29,10,'2015-10-11 00:00:00',728346,'2015-09-01 20:27:10','2015-09-01 20:27:18'),(51,30,8,'2015-10-12 00:00:00',349370,'2015-09-01 20:27:10','2015-09-01 20:27:18'),(53,32,8,'2015-09-28 00:00:00',123740,'2015-09-01 20:27:10','2015-09-01 20:27:18'),(54,33,5,'2015-09-30 00:00:00',999273,'2015-09-01 20:27:10','2015-09-01 20:27:18'),(55,42,4,'2015-09-12 00:00:00',329380,'2015-09-01 20:27:10','2015-09-01 20:27:18'),(56,41,4,'2015-09-19 00:00:00',232345,'2015-09-01 20:27:10','2015-09-01 20:27:18'),(57,40,1,'2015-11-27 00:00:00',573892,'2015-09-01 20:27:10','2015-09-01 20:27:18'),(58,39,1,'2015-11-28 00:00:00',382903,'2015-09-01 20:27:10','2015-09-01 20:27:18'),(59,38,1,'2015-09-19 00:00:00',346662,'2015-09-01 20:27:10','2015-09-01 20:27:18'),(60,36,1,'2015-10-15 00:00:00',392037,'2015-09-01 20:27:10','2015-09-01 20:27:18'),(61,31,6,'2015-04-27 00:00:00',589368,'2015-09-02 13:50:04','2015-09-02 13:50:04'),(62,1,3,'2014-12-10 00:00:00',102546,'2015-09-02 13:50:04','2015-09-02 13:50:04'),(63,25,2,'2015-02-23 00:00:00',523582,'2015-09-02 13:50:04','2015-09-02 13:50:04'),(64,18,10,'2014-11-08 00:00:00',580910,'2015-09-02 13:50:04','2015-09-02 13:50:04'),(65,23,7,'2015-06-04 00:00:00',670684,'2015-09-02 13:50:04','2015-09-02 13:50:04'),(68,22,3,'2015-08-14 00:00:00',426454,'2015-09-02 13:50:24','2015-09-02 13:50:24'),(70,25,6,'2015-03-10 00:00:00',227124,'2015-09-02 13:50:24','2015-09-02 13:50:24'),(72,29,3,'2014-11-28 00:00:00',135343,'2015-09-02 13:50:25','2015-09-02 13:50:25'),(73,25,7,'2014-10-15 00:00:00',865652,'2015-09-02 13:50:25','2015-09-02 13:50:25'),(74,2,6,'2014-10-08 00:00:00',604745,'2015-09-02 13:50:25','2015-09-02 13:50:25'),(76,3,10,'2015-01-29 00:00:00',956191,'2015-09-02 13:50:25','2015-09-02 13:50:25'),(77,7,7,'2014-09-12 00:00:00',383294,'2015-09-02 13:50:25','2015-09-02 13:50:25'),(78,22,3,'2015-03-13 00:00:00',259319,'2015-09-02 13:50:26','2015-09-02 13:50:26'),(79,22,6,'2015-02-08 00:00:00',908988,'2015-09-02 13:50:26','2015-09-02 13:50:26'),(80,5,3,'2014-11-29 00:00:00',610226,'2015-09-02 13:50:26','2015-09-02 13:50:26'),(81,41,1,'2014-12-09 00:00:00',452982,'2015-09-02 13:50:26','2015-09-02 13:50:26'),(83,42,7,'2014-10-11 00:00:00',938045,'2015-09-02 13:50:26','2015-09-02 13:50:26'),(85,6,2,'2014-09-19 00:00:00',361845,'2015-09-02 13:50:26','2015-09-02 13:50:26'),(86,7,8,'2015-01-12 00:00:00',179409,'2015-09-02 13:50:26','2015-09-02 13:50:26'),(89,22,8,'2015-04-12 00:00:00',678398,'2015-09-02 13:50:27','2015-09-02 13:50:27'),(90,5,2,'2015-07-22 00:00:00',498781,'2015-09-02 13:50:27','2015-09-02 13:50:27'),(91,8,3,'2015-05-08 00:00:00',806148,'2015-09-02 13:50:27','2015-09-02 13:50:27'),(92,30,1,'2015-02-24 00:00:00',300130,'2015-09-02 13:50:27','2015-09-02 13:50:27'),(93,33,4,'2014-09-25 00:00:00',340838,'2015-09-02 13:50:27','2015-09-02 13:50:27'),(95,6,1,'2015-08-25 00:00:00',364553,'2015-09-02 13:50:28','2015-09-02 13:50:28'),(96,22,5,'2015-01-28 00:00:00',982452,'2015-09-02 13:50:28','2015-09-02 13:50:28'),(97,3,6,'2014-12-04 00:00:00',544321,'2015-09-02 13:50:28','2015-09-02 13:50:28'),(98,34,5,'2014-09-27 00:00:00',558610,'2015-09-02 13:50:28','2015-09-02 13:50:28'),(99,27,10,'2015-02-03 00:00:00',608857,'2015-09-02 13:50:28','2015-09-02 13:50:28'),(100,38,1,'2014-09-18 00:00:00',768048,'2015-09-02 13:50:28','2015-09-02 13:50:28'),(101,30,4,'2015-02-18 00:00:00',869774,'2015-09-02 13:50:28','2015-09-02 13:50:28'),(102,26,4,'2015-08-28 00:00:00',837186,'2015-09-02 13:50:28','2015-09-02 13:50:28'),(105,36,6,'2014-12-27 00:00:00',520466,'2015-09-02 13:50:28','2015-09-02 13:50:28'),(106,42,5,'2015-02-17 00:00:00',555219,'2015-09-02 13:50:28','2015-09-02 13:50:28'),(107,16,2,'2015-07-12 00:00:00',967300,'2015-09-02 13:50:28','2015-09-02 13:50:28'),(108,23,2,'2015-01-27 00:00:00',309097,'2015-09-02 13:50:28','2015-09-02 13:50:28'),(110,28,8,'2015-08-08 00:00:00',856523,'2015-09-02 13:50:29','2015-09-02 13:50:29'),(111,39,10,'2015-01-03 00:00:00',591676,'2015-09-02 13:50:29','2015-09-02 13:50:29'),(112,39,8,'2015-03-27 00:00:00',114224,'2015-09-02 13:50:29','2015-09-02 13:50:29'),(113,30,3,'2015-09-18 00:00:00',928039,'2015-09-02 13:50:29','2015-09-02 13:50:29'),(114,7,3,'2015-01-04 00:00:00',770313,'2015-09-02 13:50:29','2015-09-02 13:50:29'),(115,29,6,'2014-09-18 00:00:00',573650,'2015-09-02 13:50:29','2015-09-02 13:50:29'),(116,3,7,'2014-12-14 00:00:00',373322,'2015-09-02 13:50:29','2015-09-02 13:50:29'),(117,8,10,'2015-04-02 00:00:00',459685,'2015-09-02 13:50:29','2015-09-02 13:50:29'),(118,33,3,'2015-08-01 00:00:00',241848,'2015-09-02 13:50:29','2015-09-02 13:50:29'),(119,7,8,'2015-06-07 00:00:00',304776,'2015-09-02 13:50:29','2015-09-02 13:50:29'),(120,18,3,'2014-10-02 00:00:00',142056,'2015-09-02 13:50:29','2015-09-02 13:50:29'),(121,22,10,'2014-10-22 00:00:00',500516,'2015-09-02 13:50:29','2015-09-02 13:50:29'),(122,8,2,'2015-05-22 00:00:00',739566,'2015-09-02 13:50:29','2015-09-02 13:50:29'),(123,32,3,'2015-08-03 00:00:00',202678,'2015-09-02 13:50:29','2015-09-02 13:50:29'),(124,38,5,'2015-07-20 00:00:00',416770,'2015-09-02 13:50:29','2015-09-02 13:50:29'),(125,18,8,'2014-10-03 00:00:00',933864,'2015-09-02 13:50:29','2015-09-02 13:50:29'),(126,42,1,'2014-11-13 00:00:00',901220,'2015-09-02 13:50:29','2015-09-02 13:50:29'),(127,34,2,'2014-11-02 00:00:00',314315,'2015-09-02 13:50:29','2015-09-02 13:50:29'),(128,16,3,'2014-11-20 00:00:00',400015,'2015-09-02 13:50:29','2015-09-02 13:50:29'),(130,4,4,'2015-04-12 00:00:00',725245,'2015-09-02 13:50:36','2015-09-02 13:50:36'),(133,22,2,'2015-03-27 00:00:00',477030,'2015-09-02 13:50:37','2015-09-02 13:50:37'),(134,29,2,'2015-03-01 00:00:00',872937,'2015-09-02 13:50:37','2015-09-02 13:50:37'),(135,38,2,'2015-06-14 00:00:00',359376,'2015-09-02 13:50:37','2015-09-02 13:50:37'),(136,8,10,'2014-10-27 00:00:00',579817,'2015-09-02 13:50:37','2015-09-02 13:50:37'),(137,37,7,'2015-05-17 00:00:00',611914,'2015-09-02 13:50:37','2015-09-02 13:50:37'),(138,39,10,'2015-08-05 00:00:00',963038,'2015-09-02 13:50:37','2015-09-02 13:50:37'),(139,26,9,'2015-08-26 00:00:00',213333,'2015-09-02 13:50:37','2015-09-02 13:50:37'),(140,3,2,'2015-08-05 00:00:00',442173,'2015-09-02 13:50:37','2015-09-02 13:50:37'),(142,39,6,'2015-05-16 00:00:00',165877,'2015-09-02 13:50:37','2015-09-02 13:50:37'),(145,38,8,'2015-06-02 00:00:00',799326,'2015-09-02 13:50:38','2015-09-02 13:50:38'),(147,25,1,'2015-08-13 00:00:00',202738,'2015-09-02 13:50:38','2015-09-02 13:50:38'),(148,26,7,'2015-05-10 00:00:00',729832,'2015-09-02 13:50:38','2015-09-02 13:50:38'),(149,5,3,'2015-02-11 00:00:00',825725,'2015-09-02 13:50:38','2015-09-02 13:50:38'),(150,8,4,'2015-06-17 00:00:00',795907,'2015-09-02 13:50:38','2015-09-02 13:50:38'),(152,29,4,'2015-06-17 00:00:00',509527,'2015-09-02 13:50:38','2015-09-02 13:50:38'),(154,3,4,'2015-03-02 00:00:00',403417,'2015-09-02 13:50:38','2015-09-02 13:50:38'),(155,27,7,'2015-04-20 00:00:00',221026,'2015-09-02 13:50:38','2015-09-02 13:50:38'),(156,28,5,'2015-08-07 00:00:00',242251,'2015-09-02 13:50:38','2015-09-02 13:50:38'),(157,2,7,'2015-03-21 00:00:00',942833,'2015-09-02 13:50:38','2015-09-02 13:50:38'),(158,2,5,'2014-09-13 00:00:00',844016,'2015-09-02 13:50:38','2015-09-02 13:50:38'),(159,24,8,'2015-02-07 00:00:00',798687,'2015-09-02 13:50:38','2015-09-02 13:50:38'),(160,41,1,'2014-10-11 00:00:00',358230,'2015-09-02 13:50:38','2015-09-02 13:50:38'),(161,30,4,'2015-01-17 00:00:00',827790,'2015-09-02 13:50:38','2015-09-02 13:50:38'),(162,30,2,'2015-06-30 00:00:00',413614,'2015-09-02 13:50:38','2015-09-02 13:50:38'),(163,36,5,'2015-01-09 00:00:00',271677,'2015-09-02 13:50:38','2015-09-02 13:50:38'),(164,40,4,'2015-03-18 00:00:00',107203,'2015-09-02 13:50:38','2015-09-02 13:50:38'),(165,41,10,'2015-09-24 00:00:00',112763,'2015-09-02 13:50:38','2015-09-02 13:50:38'),(167,41,3,'2015-02-16 00:00:00',347302,'2015-09-02 13:50:38','2015-09-02 13:50:38'),(169,39,7,'2014-11-08 00:00:00',776549,'2015-09-02 13:50:39','2015-09-02 13:50:39'),(170,27,2,'2014-12-17 00:00:00',545782,'2015-09-02 13:50:39','2015-09-02 13:50:39'),(172,8,10,'2015-02-26 00:00:00',532079,'2015-09-02 13:50:39','2015-09-02 13:50:39'),(173,25,8,'2015-01-16 00:00:00',850442,'2015-09-02 13:50:39','2015-09-02 13:50:39'),(174,4,1,'2014-10-10 00:00:00',555618,'2015-09-02 13:50:39','2015-09-02 13:50:39'),(175,25,5,'2015-04-22 00:00:00',833579,'2015-09-02 13:50:39','2015-09-02 13:50:39'),(176,30,4,'2015-06-07 00:00:00',961074,'2015-09-02 13:50:39','2015-09-02 13:50:39'),(178,42,9,'2015-08-31 00:00:00',679923,'2015-09-02 13:50:39','2015-09-02 13:50:39'),(179,3,10,'2015-08-10 00:00:00',107394,'2015-09-02 13:50:39','2015-09-02 13:50:39'),(180,40,6,'2014-11-27 00:00:00',886209,'2015-09-02 13:50:39','2015-09-02 13:50:39'),(181,8,5,'2015-07-12 00:00:00',685332,'2015-09-02 13:50:39','2015-09-02 13:50:39'),(185,34,10,'2015-06-03 00:00:00',562896,'2015-09-02 13:50:39','2015-09-02 13:50:39'),(186,5,10,'2015-08-24 00:00:00',577960,'2015-09-02 13:50:39','2015-09-02 13:50:39'),(188,38,4,'2014-11-10 00:00:00',181216,'2015-09-02 13:50:40','2015-09-02 13:50:40'),(189,29,10,'2015-03-16 00:00:00',303006,'2015-09-02 13:50:40','2015-09-02 13:50:40'),(190,1,4,'2014-09-17 00:00:00',925229,'2015-09-02 13:50:40','2015-09-02 13:50:40'),(191,18,1,'2015-04-26 00:00:00',310181,'2015-09-02 13:50:40','2015-09-02 13:50:40'),(192,27,10,'2014-09-13 00:00:00',501300,'2015-09-02 13:50:40','2015-09-02 13:50:40'),(193,6,3,'2015-06-22 00:00:00',526022,'2015-09-02 13:50:40','2015-09-02 13:50:40'),(194,27,3,'2015-01-10 00:00:00',469383,'2015-09-02 13:50:40','2015-09-02 13:50:40'),(195,33,10,'2014-10-08 00:00:00',345347,'2015-09-02 13:50:40','2015-09-02 13:50:40'),(197,2,4,'2014-09-25 00:00:00',329678,'2015-09-02 13:50:40','2015-09-02 13:50:40'),(199,27,2,'2015-09-10 00:00:00',144805,'2015-09-02 13:50:40','2015-09-02 13:50:40'),(200,8,4,'2015-04-22 00:00:00',945665,'2015-09-02 13:50:40','2015-09-02 13:50:40'),(201,29,8,'2015-08-18 00:00:00',684972,'2015-09-02 13:50:40','2015-09-02 13:50:40'),(202,38,10,'2015-01-27 00:00:00',734919,'2015-09-02 13:50:40','2015-09-02 13:50:40'),(204,34,9,'2015-02-03 00:00:00',527482,'2015-09-02 13:50:40','2015-09-02 13:50:40'),(205,27,5,'2014-11-23 00:00:00',457783,'2015-09-02 13:50:40','2015-09-02 13:50:40'),(207,7,3,'2014-09-13 00:00:00',213952,'2015-09-02 13:50:40','2015-09-02 13:50:40'),(208,35,7,'2014-11-08 00:00:00',546631,'2015-09-02 13:50:40','2015-09-02 13:50:40'),(209,40,4,'2014-10-23 00:00:00',727282,'2015-09-02 13:50:40','2015-09-02 13:50:40'),(210,32,4,'2014-09-08 00:00:00',458336,'2015-09-02 13:50:40','2015-09-02 13:50:40'),(211,1,5,'2014-11-15 00:00:00',428024,'2015-09-02 13:50:40','2015-09-02 13:50:40'),(212,3,2,'2015-09-02 00:00:00',277874,'2015-09-02 13:50:40','2015-09-02 13:50:40'),(214,3,1,'2015-06-11 00:00:00',427514,'2015-09-02 13:50:41','2015-09-02 13:50:41'),(218,1,10,'2015-05-25 00:00:00',152099,'2015-09-02 13:50:47','2015-09-02 13:50:47'),(219,37,3,'2015-03-15 00:00:00',137487,'2015-09-02 13:50:47','2015-09-02 13:50:47'),(220,32,2,'2014-11-09 00:00:00',334456,'2015-09-02 13:50:47','2015-09-02 13:50:47'),(221,8,7,'2015-07-24 00:00:00',166982,'2015-09-02 13:50:47','2015-09-02 13:50:47'),(222,32,3,'2014-12-11 00:00:00',745876,'2015-09-02 13:50:47','2015-09-02 13:50:47'),(224,18,10,'2015-08-28 00:00:00',975784,'2015-09-02 13:50:47','2015-09-02 13:50:47'),(229,18,1,'2014-12-18 00:00:00',530012,'2015-09-02 13:50:49','2015-09-02 13:50:49'),(232,16,4,'2015-02-20 00:00:00',803653,'2015-09-02 13:50:49','2015-09-02 13:50:49'),(233,8,7,'2015-09-17 00:00:00',156176,'2015-09-02 13:50:49','2015-09-02 13:50:49'),(234,27,6,'2014-12-15 00:00:00',870680,'2015-09-02 13:50:49','2015-09-02 13:50:49'),(235,41,7,'2014-11-27 00:00:00',932388,'2015-09-02 13:50:49','2015-09-02 13:50:49'),(236,3,9,'2015-05-27 00:00:00',406398,'2015-09-02 13:50:49','2015-09-02 13:50:49'),(239,42,5,'2014-11-12 00:00:00',306636,'2015-09-02 13:50:50','2015-09-02 13:50:50'),(240,23,6,'2014-10-19 00:00:00',511830,'2015-09-02 13:50:50','2015-09-02 13:50:50'),(242,37,1,'2015-05-31 00:00:00',786927,'2015-09-02 13:50:50','2015-09-02 13:50:50'),(243,38,1,'2014-12-06 00:00:00',926973,'2015-09-02 13:50:50','2015-09-02 13:50:50'),(244,3,10,'2015-08-24 00:00:00',454820,'2015-09-02 13:50:50','2015-09-02 13:50:50'),(246,16,3,'2015-05-24 00:00:00',425567,'2015-09-02 13:50:50','2015-09-02 13:50:50'),(247,42,2,'2014-12-16 00:00:00',131030,'2015-09-02 13:50:50','2015-09-02 13:50:50'),(249,30,10,'2014-12-26 00:00:00',904632,'2015-09-02 13:50:50','2015-09-02 13:50:50'),(250,41,2,'2014-10-22 00:00:00',245761,'2015-09-02 13:50:50','2015-09-02 13:50:50'),(251,3,7,'2015-04-25 00:00:00',407398,'2015-09-02 13:50:50','2015-09-02 13:50:50'),(252,37,9,'2014-11-20 00:00:00',582372,'2015-09-02 13:50:50','2015-09-02 13:50:50'),(253,3,10,'2015-03-11 00:00:00',621656,'2015-09-02 13:50:50','2015-09-02 13:50:50'),(254,37,9,'2015-07-24 00:00:00',529813,'2015-09-02 13:50:50','2015-09-02 13:50:50'),(256,16,3,'2015-01-19 00:00:00',319278,'2015-09-02 13:50:50','2015-09-02 13:50:50'),(257,6,10,'2015-05-05 00:00:00',160023,'2015-09-02 13:50:50','2015-09-02 13:50:50'),(258,3,8,'2015-04-14 00:00:00',371848,'2015-09-02 13:50:50','2015-09-02 13:50:50'),(259,5,8,'2015-06-21 00:00:00',843047,'2015-09-02 13:50:50','2015-09-02 13:50:50'),(262,25,2,'2015-04-08 00:00:00',981351,'2015-09-02 13:50:50','2015-09-02 13:50:50'),(264,29,9,'2015-01-26 00:00:00',590899,'2015-09-02 13:50:50','2015-09-02 13:50:50'),(265,24,1,'2015-03-19 00:00:00',672838,'2015-09-02 13:50:50','2015-09-02 13:50:50'),(266,18,4,'2015-03-18 00:00:00',568712,'2015-09-02 13:50:50','2015-09-02 13:50:50'),(267,31,10,'2014-11-13 00:00:00',438284,'2015-09-02 13:50:50','2015-09-02 13:50:50'),(269,41,6,'2014-12-23 00:00:00',770397,'2015-09-02 13:50:50','2015-09-02 13:50:50'),(270,39,7,'2014-11-22 00:00:00',679143,'2015-09-02 13:50:50','2015-09-02 13:50:50'),(271,2,5,'2014-12-20 00:00:00',317079,'2015-09-02 13:50:50','2015-09-02 13:50:50'),(272,2,4,'2014-11-29 00:00:00',543923,'2015-09-02 13:50:50','2015-09-02 13:50:50'),(273,37,4,'2015-05-23 00:00:00',898621,'2015-09-02 13:50:50','2015-09-02 13:50:50'),(274,1,9,'2015-08-02 00:00:00',572241,'2015-09-02 13:50:50','2015-09-02 13:50:50'),(275,30,9,'2014-09-30 00:00:00',563094,'2015-09-02 13:50:50','2015-09-02 13:50:50'),(276,33,7,'2015-09-02 00:00:00',290477,'2015-09-02 13:50:50','2015-09-02 13:50:50'),(278,3,2,'2015-03-04 00:00:00',448985,'2015-09-02 13:50:50','2015-09-02 13:50:50'),(279,2,1,'2014-09-17 00:00:00',917385,'2015-09-02 13:50:50','2015-09-02 13:50:50'),(280,41,10,'2014-10-03 00:00:00',373973,'2015-09-02 13:50:50','2015-09-02 13:50:50'),(283,27,4,'2014-09-11 00:00:00',865802,'2015-09-02 13:50:50','2015-09-02 13:50:50'),(284,3,10,'2015-07-21 00:00:00',167020,'2015-09-02 13:50:50','2015-09-02 13:50:50'),(285,7,8,'2015-07-16 00:00:00',988737,'2015-09-02 13:50:50','2015-09-02 13:50:50'),(286,34,6,'2015-03-20 00:00:00',274129,'2015-09-02 13:50:50','2015-09-02 13:50:50'),(287,27,10,'2015-05-23 00:00:00',922434,'2015-09-02 13:50:50','2015-09-02 13:50:50'),(288,2,9,'2015-03-29 00:00:00',487828,'2015-09-02 13:50:50','2015-09-02 13:50:50'),(289,34,9,'2014-10-17 00:00:00',141111,'2015-09-02 13:50:50','2015-09-02 13:50:50'),(292,1,2,'2015-03-12 00:00:00',803641,'2015-09-02 13:50:51','2015-09-02 13:50:51'),(293,3,7,'2015-06-09 00:00:00',856463,'2015-09-02 13:50:51','2015-09-02 13:50:51'),(294,34,1,'2014-09-07 00:00:00',652163,'2015-09-02 13:50:51','2015-09-02 13:50:51'),(295,26,10,'2015-08-09 00:00:00',161195,'2015-09-02 13:50:51','2015-09-02 13:50:51'),(296,33,7,'2015-03-06 00:00:00',959071,'2015-09-02 13:50:51','2015-09-02 13:50:51'),(297,24,6,'2015-07-27 00:00:00',689571,'2015-09-02 13:50:51','2015-09-02 13:50:51'),(299,39,9,'2015-01-30 00:00:00',281101,'2015-09-02 13:50:51','2015-09-02 13:50:51'),(302,28,8,'2015-09-01 00:00:00',383074,'2015-09-02 13:50:51','2015-09-02 13:50:51'),(303,29,8,'2015-02-26 00:00:00',695478,'2015-09-02 13:50:51','2015-09-02 13:50:51'),(305,36,9,'2015-02-04 00:00:00',162771,'2015-09-02 13:50:51','2015-09-02 13:50:51'),(306,24,1,'2014-10-23 00:00:00',865420,'2015-09-02 13:50:51','2015-09-02 13:50:51'),(308,26,6,'2014-10-12 00:00:00',444286,'2015-09-02 13:50:51','2015-09-02 13:50:51'),(309,1,7,'2015-05-17 00:00:00',889999,'2015-09-02 13:50:51','2015-09-02 13:50:51'),(310,39,4,'2014-09-21 00:00:00',746272,'2015-09-02 13:50:51','2015-09-02 13:50:51'),(311,31,7,'2015-07-14 00:00:00',681120,'2015-09-02 13:50:51','2015-09-02 13:50:51'),(312,18,2,'2015-06-21 00:00:00',834321,'2015-09-02 13:50:51','2015-09-02 13:50:51'),(313,2,4,'2014-10-15 00:00:00',132366,'2015-09-02 13:50:51','2015-09-02 13:50:51'),(314,1,3,'2015-07-18 00:00:00',588859,'2015-09-02 13:50:51','2015-09-02 13:50:51'),(316,27,4,'2015-05-11 00:00:00',753212,'2015-09-02 13:50:51','2015-09-02 13:50:51'),(317,40,8,'2014-09-21 00:00:00',171739,'2015-09-02 13:50:51','2015-09-02 13:50:51'),(318,36,10,'2015-02-25 00:00:00',998651,'2015-09-02 13:50:51','2015-09-02 13:50:51'),(321,22,10,'2015-08-21 00:00:00',741195,'2015-09-02 13:50:51','2015-09-02 13:50:51'),(322,38,8,'2015-04-15 00:00:00',438122,'2015-09-02 13:50:51','2015-09-02 13:50:51'),(323,25,4,'2014-09-18 00:00:00',595502,'2015-09-02 13:50:51','2015-09-02 13:50:51'),(324,39,8,'2015-02-01 00:00:00',150643,'2015-09-02 13:50:51','2015-09-02 13:50:51'),(325,30,10,'2015-04-09 00:00:00',178561,'2015-09-02 13:50:51','2015-09-02 13:50:51'),(326,34,6,'2015-06-24 00:00:00',878516,'2015-09-02 13:50:51','2015-09-02 13:50:51'),(328,16,5,'2015-02-23 00:00:00',761647,'2015-09-02 13:50:51','2015-09-02 13:50:51'),(329,32,5,'2015-04-13 00:00:00',530528,'2015-09-02 13:50:51','2015-09-02 13:50:51'),(331,32,7,'2015-04-27 00:00:00',179832,'2015-09-02 13:50:51','2015-09-02 13:50:51'),(332,34,9,'2015-06-30 00:00:00',527072,'2015-09-02 13:50:51','2015-09-02 13:50:51'),(333,23,4,'2015-08-08 00:00:00',888855,'2015-09-02 13:50:51','2015-09-02 13:50:51'),(336,35,6,'2015-08-17 00:00:00',528939,'2015-09-02 13:50:51','2015-09-02 13:50:51'),(337,39,5,'2015-10-01 00:00:00',898428,'2015-09-02 13:50:51','2015-09-02 13:50:51'),(338,7,6,'2015-04-22 00:00:00',968276,'2015-09-02 13:50:51','2015-09-02 13:50:51'),(339,23,7,'2014-09-24 00:00:00',818465,'2015-09-02 13:50:51','2015-09-02 13:50:51'),(340,24,1,'2014-09-07 00:00:00',491595,'2015-09-02 13:50:51','2015-09-02 13:50:51'),(344,3,7,'2015-07-20 00:00:00',519621,'2015-09-02 13:50:52','2015-09-02 13:50:52'),(348,3,8,'2015-04-28 00:00:00',549739,'2015-09-02 13:50:52','2015-09-02 13:50:52'),(349,32,3,'2015-04-17 00:00:00',233373,'2015-09-02 13:50:52','2015-09-02 13:50:52'),(350,42,6,'2015-05-11 00:00:00',714363,'2015-09-02 13:50:52','2015-09-02 13:50:52'),(351,38,3,'2015-04-17 00:00:00',968855,'2015-09-02 13:50:52','2015-09-02 13:50:52'),(352,42,1,'2015-07-20 00:00:00',434246,'2015-09-02 13:50:52','2015-09-02 13:50:52'),(353,42,5,'2015-05-27 00:00:00',483421,'2015-09-02 13:50:52','2015-09-02 13:50:52'),(354,42,3,'2015-07-12 00:00:00',466030,'2015-09-02 13:50:52','2015-09-02 13:50:52'),(356,30,2,'2015-06-21 00:00:00',469923,'2015-09-02 13:50:52','2015-09-02 13:50:52'),(359,34,5,'2015-05-19 00:00:00',350473,'2015-09-02 13:50:52','2015-09-02 13:50:52'),(362,16,1,'2015-09-10 00:00:00',502477,'2015-09-02 14:13:49','2015-09-02 14:13:49'),(363,16,1,'2015-09-10 00:00:00',420161,'2015-09-02 14:15:32','2015-09-02 14:15:32'),(364,16,1,'2015-09-10 00:00:00',129938,'2015-09-02 14:16:58','2015-09-02 14:16:58');
/*!40000 ALTER TABLE `reservations` ENABLE KEYS */;
UNLOCK TABLES;

--
-- Table structure for table `reviews`
--

DROP TABLE IF EXISTS `reviews`;
/*!40101 SET @saved_cs_client     = @@character_set_client */;
/*!40101 SET character_set_client = utf8 */;
CREATE TABLE `reviews` (
  `id` int(11) NOT NULL AUTO_INCREMENT,
  `user_id` int(11) NOT NULL,
  `guide_id` int(11) NOT NULL,
  `review` text,
  `created_at` datetime DEFAULT NULL,
  `star` smallint(6) DEFAULT NULL,
  PRIMARY KEY (`id`),
  KEY `fk_reviews_users1_idx` (`user_id`),
  KEY `fk_reviews_guides1_idx` (`guide_id`),
  CONSTRAINT `fk_reviews_users1` FOREIGN KEY (`user_id`) REFERENCES `users` (`id`) ON DELETE NO ACTION ON UPDATE NO ACTION,
  CONSTRAINT `fk_reviews_guides1` FOREIGN KEY (`guide_id`) REFERENCES `guides` (`id`) ON DELETE NO ACTION ON UPDATE NO ACTION
) ENGINE=InnoDB AUTO_INCREMENT=679 DEFAULT CHARSET=latin1;
/*!40101 SET character_set_client = @saved_cs_client */;

--
-- Dumping data for table `reviews`
--

LOCK TABLES `reviews` WRITE;
/*!40000 ALTER TABLE `reviews` DISABLE KEYS */;
INSERT INTO `reviews` VALUES (1,5,1,'Sue is so cool','2015-09-21 09:45:30',5),(2,6,1,'The best','2015-09-01 09:45:42',5),(3,7,1,'Loved the tour','2015-08-11 09:45:42',5),(4,8,1,'Awesome!','2015-07-01 09:45:42',5),(5,1,2,'He sucks.','2015-09-01 09:45:30',1),(6,4,2,'I think he\'s Indian.','2015-09-01 09:45:42',1),(7,5,2,'Don\'t waste your dollar on him.','2015-07-23 09:45:42',1),(8,8,3,'Ray is great!','2015-09-01 09:45:30',5),(9,2,4,'She got lost a few times.','2015-09-01 09:58:09',1),(10,16,2,'Run as fast as you can!!','2015-09-02 00:00:00',1),(11,18,3,'Rayyyyyyyyy','2015-07-09 00:00:00',5),(12,22,4,'I enjoyed the vietnamese coffee shop a lot.','2015-07-13 13:58:55',5),(13,23,4,'Dave and Busterrrrssss','2015-08-11 13:58:55',5),(14,24,4,'Ronald sounds like an old white man\'s name.','2015-06-22 13:58:55',3),(15,5,5,'She\'s really nice','2015-09-01 13:58:55',5),(16,6,5,'Like super nice.','2015-02-01 13:58:55',5),(17,7,5,'Bun Bo Hue was okay.','2015-05-25 13:58:55',4),(18,8,5,'I love Lan','2015-04-26 13:58:55',5),(19,22,5,'Lan is Love, Lan is Life','2015-09-02 13:58:55',5),(20,24,5,'I\'m visiting her again next time!','2015-07-29 13:58:55',5),(21,30,6,'Some reviews blah blah','2015-09-01 20:32:35',2),(22,31,6,'Some junk data','2015-09-01 20:32:35',4),(23,32,6,'Can\'t believe I have to populate the database with crap','2015-09-01 20:32:35',3),(24,33,6,'Lalala','2015-09-01 20:32:35',4),(25,34,6,'Teehee','2015-09-01 20:32:35',2),(26,35,8,'I like to go to the bathroom','2015-09-01 20:32:35',5),(27,36,8,'Swimsuits are nice','2015-09-01 20:32:35',4),(28,37,8,'Okay','2015-09-01 20:32:35',3),(29,24,9,'I suck at coming up with random review comments.','2015-09-01 20:32:35',4),(30,33,9,'The water here doesn\'t have filters','2015-09-01 20:32:35',1),(31,39,9,'Lots of signs in the bathroom','2015-09-01 20:32:35',2),(32,40,9,'Popeye makes me feel dizzy.','2015-09-01 20:32:35',5),(33,36,10,'Wow','2015-09-01 20:32:35',5),(34,37,10,'Cool','2015-09-01 20:32:35',5),(35,38,10,'You look nice','2015-09-01 20:32:35',5),(36,39,10,'Do you want to go out sometimes?','2015-09-01 20:32:35',1),(37,40,10,'5 starsssss','2015-09-01 20:32:35',5),(38,41,10,'I like house too','2015-09-01 20:32:35',5),(39,42,1,'Let\'s go to SF together!','2015-09-01 20:32:35',5),(579,40,5,'I forgot to tip you, where do you live?','2014-06-17 00:00:00',5),(580,28,10,'Please dont bring your kids with you on your tour next time.','2014-02-04 00:00:00',1),(581,36,9,'You\'re my hero.','2014-09-02 00:00:00',1),(582,24,10,'You are awesome! Thanks again!','2014-09-29 00:00:00',2),(583,25,1,'Wanna grab a drink sometime?','2015-07-22 00:00:00',5),(584,29,8,'You are awesome! Thanks again!','2014-08-19 00:00:00',1),(585,26,3,'I think you can afford to do some more research ahead of time instead of trying to Google from your phone on the fly.','2014-11-19 00:00:00',3),(586,37,2,'What\'s the deal with you and that guy?','2015-07-08 00:00:00',5),(587,23,6,'I think your accent is very thick and hard to follow...','2014-08-30 00:00:00',2),(588,30,10,'Where did you buy your shoes by the way?? I forgot to ask','2015-02-12 00:00:00',3),(589,36,4,'You have nice boobs. That is all.','2014-09-18 00:00:00',5),(590,28,9,'You did a great job showing my family around, thanks!','2015-05-18 00:00:00',4),(591,37,5,'I forgot to tip you, where do you live?','2015-06-04 00:00:00',3),(592,29,10,'What\'s the deal with you and that guy?','2015-04-03 00:00:00',5),(593,34,10,'I think you can afford to do some more research ahead of time instead of trying to Google from your phone on the fly.','2014-09-29 00:00:00',4),(594,27,9,'You are awesome! Thanks again!','2014-04-15 00:00:00',5),(595,35,3,'I think your accent is very thick and hard to follow...','2014-05-16 00:00:00',2),(596,29,7,'Your driving made me throw up..','2014-05-09 00:00:00',1),(597,32,2,'What\'s the deal with you and that guy?','2015-01-06 00:00:00',5),(598,23,3,'Dude you need a haircut','2015-05-29 00:00:00',4),(599,25,2,'Dude you need a haircut','2014-06-14 00:00:00',5),(600,38,3,'Your driving made me throw up..','2014-12-27 00:00:00',5),(601,26,5,'I think you can afford to do some more research ahead of time instead of trying to Google from your phone on the fly.','2015-01-02 00:00:00',2),(602,41,7,'Heycall me sometime?','2014-04-21 00:00:00',5),(603,42,5,'Wanna grab a drink sometime?','2015-03-28 00:00:00',1),(604,23,7,'Heycall me sometime?','2014-04-05 00:00:00',5),(605,37,5,'Wanna grab a drink sometime?','2015-08-23 00:00:00',3),(606,39,9,'Its cool that you still live in your parents basement and have time to show people around, how do you manage that?','2014-09-01 00:00:00',4),(607,36,3,'Heycall me sometime?','2015-01-23 00:00:00',5),(608,30,4,'I think your accent is very thick and hard to follow...','2014-02-21 00:00:00',5),(609,39,10,'Heycall me sometime?','2014-08-06 00:00:00',2),(610,31,6,'Please dont bring your kids with you on your tour next time.','2014-03-04 00:00:00',2),(611,27,1,'Where did you get your jacket from? It looks nice','2014-03-09 00:00:00',3),(612,24,8,'Where did you get your jacket from? It looks nice','2015-08-19 00:00:00',1),(613,34,6,'I think your accent is very thick and hard to follow...','2014-08-20 00:00:00',4),(614,33,8,'You know nothing Jon Snow...','2015-05-12 00:00:00',5),(615,38,8,'Please dont bring your kids with you on your tour next time.','2015-05-19 00:00:00',3),(616,42,2,'You are awesome! Thanks again!','2015-04-22 00:00:00',4),(617,36,2,'Please dont bring your kids with you on your tour next time.','2014-10-16 00:00:00',2),(618,38,8,'Heycall me sometime?','2015-05-22 00:00:00',3),(619,23,1,'You are awesome! Thanks again!','2014-04-11 00:00:00',4),(620,42,10,'I forgot to tip you, where do you live?','2014-01-12 00:00:00',4),(621,27,3,'Where did you buy your shoes by the way?? I forgot to ask','2014-07-27 00:00:00',3),(622,29,8,'You have nice boobs. That is all.','2015-07-20 00:00:00',1),(623,42,8,'You know nothing Jon Snow...','2014-08-28 00:00:00',1),(624,42,2,'You know nothing Jon Snow...','2014-04-23 00:00:00',3),(625,26,9,'You\'re my hero.','2015-04-17 00:00:00',5),(626,24,8,'I think you can afford to do some more research ahead of time instead of trying to Google from your phone on the fly.','2014-11-25 00:00:00',2),(627,28,2,'You are awesome! Thanks again!','2015-06-29 00:00:00',2),(628,26,4,'Its cool that you still live in your parents basement and have time to show people around, how do you manage that?','2014-06-16 00:00:00',4),(629,25,3,'Where did you get your jacket from? It looks nice','2015-06-21 00:00:00',5),(630,26,1,'I think you can afford to do some more research ahead of time instead of trying to Google from your phone on the fly.','2015-07-13 00:00:00',5),(631,24,10,'You did a great job showing my family around, thanks!','2014-01-22 00:00:00',1),(632,40,4,'Its cool that you still live in your parents basement and have time to show people around, how do you manage that?','2014-02-19 00:00:00',1),(633,31,1,'Its cool that you still live in your parents basement and have time to show people around, how do you manage that?','2014-01-15 00:00:00',3),(634,36,4,'You\'re my hero.','2014-08-16 00:00:00',2),(635,31,5,'I think your accent is very thick and hard to follow...','2014-01-31 00:00:00',1),(636,32,4,'What\'s the deal with you and that guy?','2015-02-15 00:00:00',1),(637,34,2,'You have nice boobs. That is all.','2014-09-24 00:00:00',5),(638,26,7,'What\'s the deal with you and that guy?','2014-12-27 00:00:00',2),(639,38,10,'Where did you get your jacket from? It looks nice','2014-07-10 00:00:00',4),(640,41,3,'You did a great job showing my family around, thanks!','2015-08-02 00:00:00',2),(641,36,5,'What\'s the deal with you and that guy?','2015-07-16 00:00:00',4),(642,36,1,'What\'s the deal with you and that guy?','2014-05-27 00:00:00',5),(643,29,1,'You have nice boobs. That is all.','2014-03-18 00:00:00',3),(644,25,5,'You did a great job showing my family around, thanks!','2014-03-09 00:00:00',3),(645,41,2,'I think you can afford to do some more research ahead of time instead of trying to Google from your phone on the fly.','2014-09-18 00:00:00',4),(646,34,9,'You have nice boobs. That is all.','2014-06-28 00:00:00',3),(647,23,2,'Its cool that you still live in your parents basement and have time to show people around, how do you manage that?','2014-03-06 00:00:00',3),(648,27,9,'Dude you need a haircut','2014-09-17 00:00:00',5),(649,39,2,'What\'s the deal with you and that guy?','2015-04-05 00:00:00',5),(650,37,9,'Its cool that you still live in your parents basement and have time to show people around, how do you manage that?','2014-07-05 00:00:00',1),(651,41,4,'Dude you need a haircut','2015-06-17 00:00:00',3),(652,22,8,'Heycall me sometime?','2014-12-11 00:00:00',3),(653,25,10,'Where did you get your jacket from? It looks nice','2014-09-14 00:00:00',2),(654,34,9,'What\'s the deal with you and that guy?','2014-03-21 00:00:00',1),(655,39,6,'Yeah...if you could just wear pants next time..that would be great...','2014-11-05 00:00:00',5),(656,29,7,'Yeah...if you could just wear pants next time..that would be great...','2014-12-27 00:00:00',2),(657,33,2,'What\'s the deal with you and that guy?','2015-04-08 00:00:00',1),(658,29,8,'Your driving made me throw up..','2014-01-22 00:00:00',4),(659,28,7,'Where did you buy your shoes by the way?? I forgot to ask','2015-07-26 00:00:00',1),(660,26,5,'What\'s the deal with you and that guy?','2015-05-18 00:00:00',3),(661,28,7,'Where did you get your jacket from? It looks nice','2014-04-16 00:00:00',3),(662,33,6,'Your driving made me throw up..','2014-11-27 00:00:00',3),(663,25,4,'What\'s the deal with you and that guy?','2014-03-29 00:00:00',3),(664,32,9,'Heycall me sometime?','2014-11-11 00:00:00',4),(665,42,2,'You\'re my hero.','2014-04-16 00:00:00',4),(666,34,4,'Loved the energy! Great work, will definitely reach out to you again!','2015-05-30 00:00:00',2),(667,38,9,'You have nice boobs. That is all.','2015-05-11 00:00:00',4),(668,22,8,'You did a great job showing my family around, thanks!','2015-08-29 00:00:00',1),(669,35,9,'You are awesome! Thanks again!','2014-10-29 00:00:00',2),(670,41,8,'I forgot to tip you, where do you live?','2014-05-26 00:00:00',1),(671,30,6,'Please dont bring your kids with you on your tour next time.','2015-04-03 00:00:00',2),(672,34,3,'You did a great job showing my family around, thanks!','2014-04-14 00:00:00',5),(673,37,4,'You know nothing Jon Snow...','2014-03-14 00:00:00',3),(674,36,2,'I think you can afford to do some more research ahead of time instead of trying to Google from your phone on the fly.','2014-10-06 00:00:00',5),(675,34,7,'Your driving made me throw up..','2014-07-26 00:00:00',3),(676,38,5,'Wanna grab a drink sometime?','2014-02-05 00:00:00',4),(677,22,6,'I think your accent is very thick and hard to follow...','2015-08-06 00:00:00',4),(678,29,3,'I think your accent is very thick and hard to follow...','2014-11-06 00:00:00',2);
/*!40000 ALTER TABLE `reviews` ENABLE KEYS */;
UNLOCK TABLES;

--
-- Table structure for table `users`
--

DROP TABLE IF EXISTS `users`;
/*!40101 SET @saved_cs_client     = @@character_set_client */;
/*!40101 SET character_set_client = utf8 */;
CREATE TABLE `users` (
  `id` int(11) NOT NULL AUTO_INCREMENT,
  `name` varchar(45) DEFAULT NULL,
  `email` varchar(255) DEFAULT NULL,
  `password` varchar(255) DEFAULT NULL,
  `phone` varchar(45) DEFAULT NULL,
  `dob` datetime DEFAULT NULL,
  `created_at` datetime DEFAULT NULL,
  `updated_at` datetime DEFAULT NULL,
  PRIMARY KEY (`id`)
) ENGINE=InnoDB AUTO_INCREMENT=43 DEFAULT CHARSET=utf8;
/*!40101 SET character_set_client = @saved_cs_client */;

--
-- Dumping data for table `users`
--

LOCK TABLES `users` WRITE;
/*!40000 ALTER TABLE `users` DISABLE KEYS */;
INSERT INTO `users` VALUES (1,'Sourabh Pal','sourabh@pal-tech.co','265e7307f55128547875ceec2d415db1','6099370629','1991-05-05 00:00:00','2015-08-25 09:54:33','2015-09-01 09:10:42'),(2,'Raymon Oleaga','ray@designbuddy.com','664440b7e3cbb43132867ac382b81e9f','4013010680','1991-05-05 00:00:00','2015-08-25 10:04:14','2015-09-01 09:10:42'),(3,'Sue Su','suesu@gmail.com','a12dcaa57b2bc97b60fc2015e64cbec2','4087020692','1991-05-05 00:00:00','2015-08-25 10:23:50','2015-09-01 09:10:42'),(4,'Elton Malave','malave@gmail.com','1a77eb1d1d0cbb1692e9e2610e6954e2','6099370629','1991-05-05 00:00:00','2015-08-25 17:15:02','2015-09-01 09:10:42'),(5,'Helena Custard','helena@gmail.com','2876838571fae268c28e0de99839a89c','6099370629','1991-05-05 00:00:00','2015-08-25 17:26:54','2015-09-01 09:10:42'),(6,'Sabina Casady','sabina@gmail.com','5ee17fb9841f93b214c88734685309a7','6099370629','1991-05-05 00:00:00','2015-08-25 17:29:22','2015-09-01 09:10:42'),(7,'Francene Widell','francene@gmail.com','bd420085dbd5fd23ab459ac902ea8715','6099370629','1991-05-05 00:00:00','2015-08-25 17:41:00','2015-09-01 09:10:42'),(8,'Chris Baker','chris@gmail.com','6c6d9676f341c3d8240a90e09e8ba6e4','6099370629','1991-05-05 00:00:00','2015-08-26 09:02:07','2015-09-01 09:10:42'),(16,'Jessica Davidson','jessica@gmail.com','8a694c8394dc7ed50f4bec4eb259fc29','6099370629','2015-08-11 00:00:00','2015-08-26 10:07:06','2015-09-01 09:10:42'),(18,'Jimmy Jun','jimmy@gmail.com','b4cc28efc75478348b9f628acd7ef716','6099370629','1986-05-20 00:00:00','2015-08-26 12:48:36','2015-09-01 09:10:42'),(22,'Isaac Lee','isaac@gmail.com','72026ce930053a12b3b40dd0ecdfa495','6099370629','1974-07-21 00:00:00','2015-08-31 13:19:14','2015-09-02 09:10:42'),(23,'Eduardo Baik','eduardo@gmail.com','c1c6ce8749065325ccf6d5a40b95e840','6099370629','1988-08-23 00:00:00','2015-09-01 09:11:29','2015-09-01 09:11:29'),(24,'Andrew Lee','andrew@gmail.com','dc44be344c496309f75530056f110000','6099370629','1977-06-22 00:00:00','2015-09-01 09:15:08','2015-09-01 09:15:08'),(25,'Alison Graves','alison@gmail.com','4365ab7e3e4ea22ffff9ce9a8f62a1dc','1112223333','1996-08-27 00:00:00','2015-09-01 20:08:43','2015-09-01 20:08:43'),(26,'Chelsea Schneider','chelsea@gmail.com','6b4e618a80271950c1a7be0b6fc07242','1231231234','1990-07-23 00:00:00','2015-09-01 20:09:05','2015-09-01 20:09:05'),(27,'Holly Castro','holly@gmail.com','94e220e82713b4e99383fa453faa2ccc','1212121212','1976-07-23 00:00:00','2015-09-01 20:09:32','2015-09-01 20:09:32'),(28,'Jermaine Patterson','jermaine@gmail.com','5b68051e1cba412509444da1d0b5e5f0','3332229999','1981-05-27 00:00:00','2015-09-01 20:09:53','2015-09-01 20:09:53'),(29,'Sonya Robbins','sonya@gmail.com','814e27376a70ba208483f664c99f9f8c','3332221111','1984-06-24 00:00:00','2015-09-01 20:10:12','2015-09-01 20:10:12'),(30,'Robin Newman','robin@gmail.com','5c9b3544df26167ee63bb1c6d2e2ac57','9998883333','1988-08-22 00:00:00','2015-09-01 20:10:30','2015-09-01 20:10:30'),(31,'Tricia Bell','tricia@gmail.com','d83c76d5d5208de16dc245e5a03292ed','8883229292','1997-07-23 00:00:00','2015-09-01 20:10:47','2015-09-01 20:10:47'),(32,'Bob Lopez','bob@gmail.com','a4c7f69e78245d1bb301cd6a975ca47a','2225559898','1984-05-23 00:00:00','2015-09-01 20:11:04','2015-09-01 20:11:04'),(33,'Debra Day','debra@gmail.com','9cb4d424e7bcf6c82ece7b934e754a1a','2223331010','1981-04-09 00:00:00','2015-09-01 20:11:43','2015-09-01 20:11:43'),(34,'Tanya Meyer','tanya@gmail.com','dde20973efc4b1d539acfe943c152aea','3322229494','1982-05-18 00:00:00','2015-09-01 20:12:06','2015-09-01 20:12:06'),(35,'Melissa Zimmerman','melissa@gmail.com','77e3c85b44f3cab39b6894cc2e828f8a','3339997676','1986-05-23 00:00:00','2015-09-01 20:12:39','2015-09-01 20:12:39'),(36,'Romona Kim','romona@gmail.com','ae5d72b59f8a3e0005512746791c92df','8882229392','1985-04-21 00:00:00','2015-09-01 20:12:58','2015-09-01 20:12:58'),(37,'Amy Peterson','amy@gmail.com','60547c915cb6763332ba9317cafa30f9','3876398282','1992-05-23 00:00:00','2015-09-01 20:13:15','2015-09-01 20:13:15'),(38,'Julia Nguyen','julia@gmail.com','aec2f47eb0b67efbb6978fa43f77c92f','9230803838','1991-04-22 00:00:00','2015-09-01 20:13:35','2015-09-01 20:13:35'),(39,'Danny Bridges','danny@gmail.com','1753899277d97eb341c3fdb64157a9c1','9382023838','1985-05-20 00:00:00','2015-09-01 20:13:53','2015-09-01 20:13:53'),(40,'Lucas Higgins','lucas@gmail.com','61e699ce5caaaa39d8a9c8a843eb1735','9832023838','1989-06-22 00:00:00','2015-09-01 20:14:24','2015-09-01 20:14:24'),(41,'Marshall Duncan','marshall@gmail.com','9719dfd3f3ae82018046868a91484587','9230803838','1983-07-23 00:00:00','2015-09-01 20:14:45','2015-09-01 20:14:45'),(42,'Jeffrey Moran','jeffrey@gmail.com','a8748a92f9bdbe0ecd58b20515577a9b','8320803838','1985-08-21 00:00:00','2015-09-01 20:15:09','2015-09-01 20:15:09');
/*!40000 ALTER TABLE `users` ENABLE KEYS */;
UNLOCK TABLES;
/*!40103 SET TIME_ZONE=@OLD_TIME_ZONE */;

/*!40101 SET SQL_MODE=@OLD_SQL_MODE */;
/*!40014 SET FOREIGN_KEY_CHECKS=@OLD_FOREIGN_KEY_CHECKS */;
/*!40014 SET UNIQUE_CHECKS=@OLD_UNIQUE_CHECKS */;
/*!40101 SET CHARACTER_SET_CLIENT=@OLD_CHARACTER_SET_CLIENT */;
/*!40101 SET CHARACTER_SET_RESULTS=@OLD_CHARACTER_SET_RESULTS */;
/*!40101 SET COLLATION_CONNECTION=@OLD_COLLATION_CONNECTION */;
/*!40111 SET SQL_NOTES=@OLD_SQL_NOTES */;

-- Dump completed on 2015-09-02 16:16:07
