CREATE DATABASE  IF NOT EXISTS `travel` /*!40100 DEFAULT CHARACTER SET latin1 */;
USE `travel`;
-- MySQL dump 10.13  Distrib 5.6.24, for osx10.8 (x86_64)
--
-- Host: 127.0.0.1    Database: travel
-- ------------------------------------------------------
-- Server version	5.5.42

/*!40101 SET @OLD_CHARACTER_SET_CLIENT=@@CHARACTER_SET_CLIENT */;
/*!40101 SET @OLD_CHARACTER_SET_RESULTS=@@CHARACTER_SET_RESULTS */;
/*!40101 SET @OLD_COLLATION_CONNECTION=@@COLLATION_CONNECTION */;
/*!40101 SET NAMES utf8 */;
/*!40103 SET @OLD_TIME_ZONE=@@TIME_ZONE */;
/*!40103 SET TIME_ZONE='+00:00' */;
/*!40014 SET @OLD_UNIQUE_CHECKS=@@UNIQUE_CHECKS, UNIQUE_CHECKS=0 */;
/*!40014 SET @OLD_FOREIGN_KEY_CHECKS=@@FOREIGN_KEY_CHECKS, FOREIGN_KEY_CHECKS=0 */;
/*!40101 SET @OLD_SQL_MODE=@@SQL_MODE, SQL_MODE='NO_AUTO_VALUE_ON_ZERO' */;
/*!40111 SET @OLD_SQL_NOTES=@@SQL_NOTES, SQL_NOTES=0 */;

--
-- Table structure for table `availability`
--

DROP TABLE IF EXISTS `availability`;
/*!40101 SET @saved_cs_client     = @@character_set_client */;
/*!40101 SET character_set_client = utf8 */;
CREATE TABLE `availability` (
  `id` int(11) NOT NULL AUTO_INCREMENT,
  `guide_id` int(11) NOT NULL,
  `date` datetime DEFAULT NULL,
  PRIMARY KEY (`id`),
  KEY `fk_availability_guides1_idx` (`guide_id`),
  CONSTRAINT `fk_availability_guides1` FOREIGN KEY (`guide_id`) REFERENCES `guides` (`id`) ON DELETE NO ACTION ON UPDATE NO ACTION
) ENGINE=InnoDB AUTO_INCREMENT=1131 DEFAULT CHARSET=latin1;
/*!40101 SET character_set_client = @saved_cs_client */;

--
-- Dumping data for table `availability`
--

LOCK TABLES `availability` WRITE;
/*!40000 ALTER TABLE `availability` DISABLE KEYS */;
INSERT INTO `availability` VALUES (1,1,'2015-09-01 08:52:53'),(2,1,'2015-09-05 08:50:47'),(3,1,'2015-09-08 08:50:47'),(4,2,'2015-09-01 08:52:53'),(5,2,'2015-09-10 08:50:47'),(6,3,'2015-09-01 08:52:53'),(7,3,'2015-10-01 08:50:47'),(8,3,'2015-11-01 08:50:47'),(9,4,'2015-09-01 08:52:53'),(10,4,'2015-09-03 08:50:47'),(11,5,'2015-09-09 08:50:47'),(12,6,'2015-09-12 08:50:47'),(15,10,'2016-10-04 00:00:00'),(16,8,'2015-10-29 00:00:00'),(17,3,'2016-12-01 00:00:00'),(18,4,'2016-09-18 00:00:00'),(19,4,'2016-05-14 00:00:00'),(20,1,'2016-12-01 00:00:00'),(21,2,'2016-01-02 00:00:00'),(22,1,'2016-08-10 00:00:00'),(23,6,'2015-09-20 00:00:00'),(25,10,'2016-08-24 00:00:00'),(26,5,'2015-10-11 00:00:00'),(27,6,'2016-03-31 00:00:00'),(28,9,'2016-10-19 00:00:00'),(29,10,'2015-12-23 00:00:00'),(31,1,'2016-10-26 00:00:00'),(32,4,'2016-07-09 00:00:00'),(33,2,'2016-07-25 00:00:00'),(34,9,'2016-12-08 00:00:00'),(35,1,'2015-12-10 00:00:00'),(36,2,'2016-06-11 00:00:00'),(37,1,'2016-12-02 00:00:00'),(38,10,'2015-11-09 00:00:00'),(39,6,'2016-02-25 00:00:00'),(40,7,'2016-01-13 00:00:00'),(41,9,'2016-10-21 00:00:00'),(42,10,'2015-11-28 00:00:00'),(43,9,'2016-03-16 00:00:00'),(44,2,'2016-05-10 00:00:00'),(45,7,'2015-12-04 00:00:00'),(46,1,'2016-03-13 00:00:00'),(47,1,'2016-08-13 00:00:00'),(48,4,'2016-02-25 00:00:00'),(49,4,'2015-11-18 00:00:00'),(50,4,'2015-12-14 00:00:00'),(51,8,'2016-03-13 00:00:00'),(52,4,'2016-05-05 00:00:00'),(53,7,'2016-09-29 00:00:00'),(54,2,'2016-02-09 00:00:00'),(55,6,'2015-11-10 00:00:00'),(56,10,'2016-10-08 00:00:00'),(57,10,'2016-03-15 00:00:00'),(58,8,'2016-11-29 00:00:00'),(59,5,'2016-10-28 00:00:00'),(60,1,'2016-12-23 00:00:00'),(61,4,'2015-11-05 00:00:00'),(62,9,'2015-10-20 00:00:00'),(63,5,'2016-03-15 00:00:00'),(64,6,'2015-12-14 00:00:00'),(65,4,'2016-08-29 00:00:00'),(66,2,'2016-10-30 00:00:00'),(67,4,'2015-12-01 00:00:00'),(68,10,'2016-04-14 00:00:00'),(69,8,'2016-12-28 00:00:00'),(70,2,'2015-11-13 00:00:00'),(71,10,'2016-02-25 00:00:00'),(72,8,'2015-10-27 00:00:00'),(73,1,'2016-12-07 00:00:00'),(74,9,'2016-05-19 00:00:00'),(75,6,'2016-04-22 00:00:00'),(76,6,'2016-10-26 00:00:00'),(77,10,'2016-11-03 00:00:00'),(78,3,'2016-03-26 00:00:00'),(79,7,'2016-03-10 00:00:00'),(80,2,'2016-09-28 00:00:00'),(81,7,'2015-09-16 00:00:00'),(82,2,'2016-01-06 00:00:00'),(83,8,'2015-09-29 00:00:00'),(84,1,'2015-11-27 00:00:00'),(85,3,'2016-04-23 00:00:00'),(86,9,'2015-11-23 00:00:00'),(87,3,'2016-01-11 00:00:00'),(88,3,'2016-06-07 00:00:00'),(89,1,'2016-01-25 00:00:00'),(90,8,'2015-09-20 00:00:00'),(91,9,'2016-06-23 00:00:00'),(92,5,'2016-02-21 00:00:00'),(93,8,'2016-10-10 00:00:00'),(94,3,'2016-08-31 00:00:00'),(95,6,'2016-03-06 00:00:00'),(96,4,'2016-02-15 00:00:00'),(97,6,'2015-12-24 00:00:00'),(98,3,'2016-06-09 00:00:00'),(99,8,'2016-01-22 00:00:00'),(100,8,'2016-01-29 00:00:00'),(101,5,'2015-09-25 00:00:00'),(102,3,'2016-06-12 00:00:00'),(103,2,'2016-08-13 00:00:00'),(104,10,'2016-05-05 00:00:00'),(105,6,'2016-01-01 00:00:00'),(106,9,'2016-09-03 00:00:00'),(107,1,'2016-03-19 00:00:00'),(108,3,'2016-02-07 00:00:00'),(109,1,'2016-10-22 00:00:00'),(110,3,'2016-04-06 00:00:00'),(111,8,'2016-06-27 00:00:00'),(112,9,'2016-06-27 00:00:00'),(113,2,'2016-02-22 00:00:00'),(114,7,'2015-10-22 00:00:00'),(115,4,'2016-11-20 00:00:00'),(116,10,'2016-03-09 00:00:00'),(117,10,'2016-10-15 00:00:00'),(118,6,'2015-12-31 00:00:00'),(119,8,'2015-10-28 00:00:00'),(120,4,'2016-05-25 00:00:00'),(121,3,'2016-01-08 00:00:00'),(122,7,'2015-12-02 00:00:00'),(123,5,'2016-03-11 00:00:00'),(124,3,'2016-11-04 00:00:00'),(125,4,'2016-05-29 00:00:00'),(126,2,'2016-04-17 00:00:00'),(127,1,'2015-10-20 00:00:00'),(128,5,'2016-12-24 00:00:00'),(129,1,'2016-01-07 00:00:00'),(130,2,'2015-10-07 00:00:00'),(131,6,'2016-11-13 00:00:00'),(132,4,'2016-08-18 00:00:00'),(133,5,'2016-11-14 00:00:00'),(134,1,'2016-04-18 00:00:00'),(135,4,'2016-10-06 00:00:00'),(136,6,'2016-07-19 00:00:00'),(137,3,'2016-01-04 00:00:00'),(138,7,'2016-04-24 00:00:00'),(139,3,'2016-04-12 00:00:00'),(140,5,'2016-03-18 00:00:00'),(141,3,'2016-06-08 00:00:00'),(142,2,'2016-02-23 00:00:00'),(143,1,'2015-10-04 00:00:00'),(144,10,'2016-11-18 00:00:00'),(145,6,'2015-09-16 00:00:00'),(146,10,'2015-10-11 00:00:00'),(147,8,'2015-10-26 00:00:00'),(148,10,'2016-01-06 00:00:00'),(149,8,'2015-12-31 00:00:00'),(150,1,'2015-10-25 00:00:00'),(151,8,'2015-10-17 00:00:00'),(152,4,'2016-06-23 00:00:00'),(153,1,'2016-12-17 00:00:00'),(154,5,'2016-12-26 00:00:00'),(155,4,'2016-02-18 00:00:00'),(156,10,'2016-10-29 00:00:00'),(157,3,'2016-07-09 00:00:00'),(158,7,'2015-10-13 00:00:00'),(159,10,'2016-01-21 00:00:00'),(160,3,'2016-07-24 00:00:00'),(161,8,'2016-05-09 00:00:00'),(162,7,'2015-12-17 00:00:00'),(163,5,'2016-05-12 00:00:00'),(164,8,'2016-06-24 00:00:00'),(165,7,'2015-11-27 00:00:00'),(166,3,'2016-09-28 00:00:00'),(167,5,'2016-04-11 00:00:00'),(168,5,'2016-06-07 00:00:00'),(169,6,'2016-04-26 00:00:00'),(170,9,'2016-10-15 00:00:00'),(171,8,'2016-12-04 00:00:00'),(172,6,'2016-08-21 00:00:00'),(173,8,'2016-11-24 00:00:00'),(174,2,'2016-01-12 00:00:00'),(175,10,'2016-09-12 00:00:00'),(176,3,'2016-05-02 00:00:00'),(177,7,'2016-07-19 00:00:00'),(178,2,'2016-11-03 00:00:00'),(179,5,'2015-11-20 00:00:00'),(180,4,'2016-11-21 00:00:00'),(181,8,'2015-12-04 00:00:00'),(182,7,'2016-06-02 00:00:00'),(183,2,'2015-11-07 00:00:00'),(184,6,'2015-10-01 00:00:00'),(185,9,'2016-07-30 00:00:00'),(186,7,'2016-03-26 00:00:00'),(187,2,'2016-06-19 00:00:00'),(188,6,'2015-12-12 00:00:00'),(189,5,'2016-11-28 00:00:00'),(190,7,'2016-08-16 00:00:00'),(191,3,'2016-03-09 00:00:00'),(192,1,'2016-12-19 00:00:00'),(193,9,'2016-11-13 00:00:00'),(194,1,'2015-12-15 00:00:00'),(195,2,'2016-02-17 00:00:00'),(196,6,'2016-02-29 00:00:00'),(197,10,'2016-10-14 00:00:00'),(198,10,'2015-11-16 00:00:00'),(199,2,'2015-09-28 00:00:00'),(200,8,'2016-06-02 00:00:00'),(201,10,'2015-10-14 00:00:00'),(202,7,'2016-02-17 00:00:00'),(203,6,'2015-11-01 00:00:00'),(204,1,'2015-12-02 00:00:00'),(205,9,'2016-12-25 00:00:00'),(206,4,'2016-08-28 00:00:00'),(207,8,'2015-10-23 00:00:00'),(208,10,'2016-03-19 00:00:00'),(209,7,'2016-06-07 00:00:00'),(210,10,'2015-09-28 00:00:00'),(211,4,'2016-08-18 00:00:00'),(212,6,'2016-03-26 00:00:00'),(213,6,'2016-02-08 00:00:00'),(214,4,'2016-05-11 00:00:00'),(215,1,'2016-08-30 00:00:00'),(216,9,'2015-10-14 00:00:00'),(217,5,'2015-09-28 00:00:00'),(218,2,'2016-04-24 00:00:00'),(219,7,'2016-12-02 00:00:00'),(220,10,'2015-12-07 00:00:00'),(221,10,'2016-05-24 00:00:00'),(222,7,'2016-01-26 00:00:00'),(223,7,'2016-07-10 00:00:00'),(224,3,'2016-07-01 00:00:00'),(225,7,'2016-01-27 00:00:00'),(226,1,'2015-10-28 00:00:00'),(227,6,'2015-10-05 00:00:00'),(228,4,'2016-06-04 00:00:00'),(229,1,'2015-10-13 00:00:00'),(230,9,'2016-08-21 00:00:00'),(231,8,'2015-11-15 00:00:00'),(232,2,'2016-07-04 00:00:00'),(233,1,'2015-12-15 00:00:00'),(234,2,'2016-02-11 00:00:00'),(235,6,'2016-09-01 00:00:00'),(236,3,'2015-10-10 00:00:00'),(237,4,'2016-04-03 00:00:00'),(238,1,'2016-11-19 00:00:00'),(239,6,'2015-09-30 00:00:00'),(240,4,'2016-01-15 00:00:00'),(241,4,'2015-12-06 00:00:00'),(242,3,'2016-02-20 00:00:00'),(243,10,'2016-11-05 00:00:00'),(244,10,'2016-06-25 00:00:00'),(245,4,'2016-12-20 00:00:00'),(246,2,'2016-09-08 00:00:00'),(247,4,'2015-11-08 00:00:00'),(248,4,'2016-01-26 00:00:00'),(249,7,'2016-04-27 00:00:00'),(250,3,'2016-04-19 00:00:00'),(251,6,'2015-11-06 00:00:00'),(252,6,'2016-05-12 00:00:00'),(253,5,'2016-11-05 00:00:00'),(254,10,'2016-06-30 00:00:00'),(255,9,'2016-12-08 00:00:00'),(256,2,'2016-01-12 00:00:00'),(257,7,'2016-01-07 00:00:00'),(258,2,'2016-03-03 00:00:00'),(259,10,'2016-05-08 00:00:00'),(260,5,'2015-10-18 00:00:00'),(261,9,'2016-01-31 00:00:00'),(262,5,'2016-06-20 00:00:00'),(263,9,'2015-12-27 00:00:00'),(264,8,'2016-09-02 00:00:00'),(265,3,'2016-05-03 00:00:00'),(266,7,'2016-11-30 00:00:00'),(267,5,'2016-08-29 00:00:00'),(268,7,'2015-11-27 00:00:00'),(269,8,'2016-10-30 00:00:00'),(270,9,'2016-05-30 00:00:00'),(271,9,'2016-07-22 00:00:00'),(272,10,'2016-12-08 00:00:00'),(273,4,'2016-03-24 00:00:00'),(274,10,'2015-09-29 00:00:00'),(275,2,'2016-01-26 00:00:00'),(276,6,'2016-03-16 00:00:00'),(277,10,'2016-12-14 00:00:00'),(278,2,'2015-09-15 00:00:00'),(279,8,'2016-10-30 00:00:00'),(280,4,'2016-11-12 00:00:00'),(281,9,'2016-12-18 00:00:00'),(282,8,'2016-12-21 00:00:00'),(283,2,'2016-01-21 00:00:00'),(284,2,'2016-02-17 00:00:00'),(285,9,'2016-11-24 00:00:00'),(286,6,'2016-12-17 00:00:00'),(287,10,'2016-08-07 00:00:00'),(288,2,'2016-05-03 00:00:00'),(289,6,'2016-01-02 00:00:00'),(290,6,'2015-09-19 00:00:00'),(291,5,'2016-07-19 00:00:00'),(292,7,'2015-11-05 00:00:00'),(293,2,'2016-03-20 00:00:00'),(294,3,'2016-10-01 00:00:00'),(295,8,'2016-11-08 00:00:00'),(296,9,'2016-07-10 00:00:00'),(297,7,'2016-05-24 00:00:00'),(298,9,'2016-06-10 00:00:00'),(299,10,'2016-09-06 00:00:00'),(300,7,'2016-12-15 00:00:00'),(301,10,'2016-09-23 00:00:00'),(302,5,'2016-01-13 00:00:00'),(303,8,'2016-10-23 00:00:00'),(304,1,'2016-06-18 00:00:00'),(305,7,'2016-01-26 00:00:00'),(306,10,'2016-07-04 00:00:00'),(307,8,'2015-09-20 00:00:00'),(308,5,'2016-06-04 00:00:00'),(309,4,'2016-10-30 00:00:00'),(310,8,'2016-08-07 00:00:00'),(311,4,'2015-10-15 00:00:00'),(312,7,'2016-07-02 00:00:00'),(313,2,'2016-12-05 00:00:00'),(314,8,'2016-04-01 00:00:00'),(315,4,'2015-10-27 00:00:00'),(316,9,'2016-03-10 00:00:00'),(317,7,'2016-02-12 00:00:00'),(318,2,'2016-03-08 00:00:00'),(319,10,'2016-03-18 00:00:00'),(320,7,'2016-01-18 00:00:00'),(321,9,'2016-06-12 00:00:00'),(322,6,'2016-07-07 00:00:00'),(323,2,'2016-07-10 00:00:00'),(324,6,'2015-09-21 00:00:00'),(325,8,'2016-06-03 00:00:00'),(326,7,'2016-01-14 00:00:00'),(327,9,'2015-10-02 00:00:00'),(328,10,'2016-01-05 00:00:00'),(329,7,'2015-10-14 00:00:00'),(330,2,'2016-08-06 00:00:00'),(331,1,'2015-10-10 00:00:00'),(332,4,'2015-10-09 00:00:00'),(333,5,'2016-08-17 00:00:00'),(334,2,'2016-06-07 00:00:00'),(335,9,'2016-03-22 00:00:00'),(336,10,'2016-09-26 00:00:00'),(337,5,'2016-08-26 00:00:00'),(338,4,'2016-06-15 00:00:00'),(339,7,'2016-07-02 00:00:00'),(340,2,'2016-11-01 00:00:00'),(341,2,'2016-02-11 00:00:00'),(342,4,'2016-10-02 00:00:00'),(343,1,'2015-09-19 00:00:00'),(344,1,'2016-03-01 00:00:00'),(345,1,'2016-08-23 00:00:00'),(346,8,'2016-01-14 00:00:00'),(347,4,'2015-11-09 00:00:00'),(348,9,'2015-12-05 00:00:00'),(349,8,'2016-09-10 00:00:00'),(350,2,'2016-12-10 00:00:00'),(351,8,'2016-06-17 00:00:00'),(352,4,'2015-11-23 00:00:00'),(353,8,'2015-12-06 00:00:00'),(354,9,'2016-08-06 00:00:00'),(355,6,'2016-02-22 00:00:00'),(356,7,'2016-12-22 00:00:00'),(357,8,'2016-08-11 00:00:00'),(358,8,'2015-09-29 00:00:00'),(359,5,'2016-10-19 00:00:00'),(360,6,'2016-10-04 00:00:00'),(361,1,'2016-04-15 00:00:00'),(362,6,'2016-03-04 00:00:00'),(363,6,'2016-03-22 00:00:00'),(364,2,'2016-04-01 00:00:00'),(365,4,'2016-01-29 00:00:00'),(366,9,'2016-02-22 00:00:00'),(367,6,'2015-11-14 00:00:00'),(368,4,'2015-12-17 00:00:00'),(369,9,'2016-01-03 00:00:00'),(370,6,'2015-11-07 00:00:00'),(371,2,'2016-04-18 00:00:00'),(372,2,'2016-01-10 00:00:00'),(373,3,'2016-11-10 00:00:00'),(374,8,'2016-11-09 00:00:00'),(375,8,'2016-08-08 00:00:00'),(376,2,'2016-02-08 00:00:00'),(377,7,'2016-09-20 00:00:00'),(378,2,'2016-08-28 00:00:00'),(379,2,'2015-12-30 00:00:00'),(380,6,'2016-03-03 00:00:00'),(381,8,'2016-05-28 00:00:00'),(382,7,'2016-03-25 00:00:00'),(383,7,'2015-12-20 00:00:00'),(384,5,'2015-09-11 00:00:00'),(385,2,'2016-05-13 00:00:00'),(386,10,'2015-09-28 00:00:00'),(387,3,'2015-12-27 00:00:00'),(388,2,'2015-11-17 00:00:00'),(389,1,'2016-06-18 00:00:00'),(390,3,'2016-10-26 00:00:00'),(391,2,'2016-08-28 00:00:00'),(392,6,'2016-04-07 00:00:00'),(393,2,'2016-10-26 00:00:00'),(394,1,'2016-08-18 00:00:00'),(395,1,'2016-02-19 00:00:00'),(396,9,'2016-07-03 00:00:00'),(397,1,'2016-09-23 00:00:00'),(398,1,'2016-06-07 00:00:00'),(399,6,'2016-07-16 00:00:00'),(400,2,'2016-04-16 00:00:00'),(401,5,'2016-08-07 00:00:00'),(402,10,'2015-11-16 00:00:00'),(403,3,'2016-09-23 00:00:00'),(404,4,'2015-09-28 00:00:00'),(405,9,'2016-02-08 00:00:00'),(406,1,'2016-07-24 00:00:00'),(407,2,'2015-10-16 00:00:00'),(408,10,'2016-06-13 00:00:00'),(409,3,'2016-01-22 00:00:00'),(410,7,'2015-09-23 00:00:00'),(411,7,'2016-03-09 00:00:00'),(412,2,'2016-05-07 00:00:00'),(413,1,'2016-08-01 00:00:00'),(414,4,'2015-12-03 00:00:00'),(415,7,'2016-07-11 00:00:00'),(416,4,'2016-05-03 00:00:00'),(417,7,'2015-11-12 00:00:00'),(418,10,'2016-01-08 00:00:00'),(419,3,'2016-11-22 00:00:00'),(420,3,'2016-02-02 00:00:00'),(421,10,'2015-12-09 00:00:00'),(422,3,'2016-01-26 00:00:00'),(423,9,'2015-10-15 00:00:00'),(424,4,'2015-12-16 00:00:00'),(425,3,'2015-11-27 00:00:00'),(426,6,'2016-12-19 00:00:00'),(427,5,'2016-11-04 00:00:00'),(428,6,'2016-08-17 00:00:00'),(429,9,'2016-05-28 00:00:00'),(430,2,'2016-11-09 00:00:00'),(431,4,'2016-05-19 00:00:00'),(432,7,'2016-05-13 00:00:00'),(433,8,'2015-09-18 00:00:00'),(434,10,'2016-06-16 00:00:00'),(435,9,'2015-10-06 00:00:00'),(436,3,'2015-11-30 00:00:00'),(437,5,'2016-10-25 00:00:00'),(438,10,'2016-05-12 00:00:00'),(439,8,'2016-02-13 00:00:00'),(440,5,'2016-01-26 00:00:00'),(441,3,'2016-12-06 00:00:00'),(442,9,'2015-09-26 00:00:00'),(443,8,'2016-08-29 00:00:00'),(444,3,'2016-03-13 00:00:00'),(445,3,'2016-07-13 00:00:00'),(446,2,'2016-04-22 00:00:00'),(447,10,'2016-07-23 00:00:00'),(448,7,'2016-10-11 00:00:00'),(449,5,'2016-09-03 00:00:00'),(450,9,'2016-06-30 00:00:00'),(451,8,'2016-02-03 00:00:00'),(452,2,'2015-10-05 00:00:00'),(453,6,'2016-01-05 00:00:00'),(454,6,'2015-10-27 00:00:00'),(455,4,'2016-01-22 00:00:00'),(456,3,'2015-10-10 00:00:00'),(457,1,'2016-07-18 00:00:00'),(458,4,'2015-10-05 00:00:00'),(459,5,'2016-10-20 00:00:00'),(460,5,'2016-07-31 00:00:00'),(461,2,'2016-08-19 00:00:00'),(462,4,'2016-07-22 00:00:00'),(463,5,'2015-11-14 00:00:00'),(464,9,'2015-10-09 00:00:00'),(465,7,'2016-11-17 00:00:00'),(466,3,'2016-08-07 00:00:00'),(467,8,'2016-04-18 00:00:00'),(468,8,'2016-03-08 00:00:00'),(469,5,'2016-02-07 00:00:00'),(470,6,'2016-01-21 00:00:00'),(471,4,'2016-10-28 00:00:00'),(472,6,'2016-10-06 00:00:00'),(473,9,'2016-04-07 00:00:00'),(474,3,'2016-11-19 00:00:00'),(475,6,'2016-02-07 00:00:00'),(476,1,'2016-09-17 00:00:00'),(477,5,'2016-08-30 00:00:00'),(478,9,'2016-03-25 00:00:00'),(479,5,'2016-11-30 00:00:00'),(480,9,'2016-09-10 00:00:00'),(481,5,'2015-11-21 00:00:00'),(482,7,'2015-10-06 00:00:00'),(483,5,'2015-12-18 00:00:00'),(484,6,'2016-02-09 00:00:00'),(485,6,'2016-11-18 00:00:00'),(486,8,'2015-11-03 00:00:00'),(487,10,'2016-12-01 00:00:00'),(488,4,'2016-01-28 00:00:00'),(489,3,'2016-09-30 00:00:00'),(490,2,'2016-07-25 00:00:00'),(491,5,'2016-09-25 00:00:00'),(492,6,'2015-11-22 00:00:00'),(493,6,'2016-11-09 00:00:00'),(494,9,'2016-03-26 00:00:00'),(495,2,'2015-09-29 00:00:00'),(496,2,'2016-07-24 00:00:00'),(497,8,'2016-07-11 00:00:00'),(498,9,'2016-09-28 00:00:00'),(499,2,'2015-11-21 00:00:00'),(500,1,'2016-03-02 00:00:00'),(501,5,'2016-08-18 00:00:00'),(502,7,'2016-10-14 00:00:00'),(503,2,'2016-03-26 00:00:00'),(504,3,'2015-09-24 00:00:00'),(505,7,'2016-02-17 00:00:00'),(506,2,'2016-02-20 00:00:00'),(507,5,'2015-11-17 00:00:00'),(508,1,'2016-07-25 00:00:00'),(509,1,'2015-10-09 00:00:00'),(510,2,'2016-10-24 00:00:00'),(511,6,'2016-01-12 00:00:00'),(512,9,'2016-01-28 00:00:00'),(513,1,'2016-01-04 00:00:00'),(514,4,'2016-08-30 00:00:00'),(515,2,'2015-12-22 00:00:00'),(516,10,'2016-04-14 00:00:00'),(517,3,'2016-06-17 00:00:00'),(518,1,'2016-06-16 00:00:00'),(519,7,'2016-03-29 00:00:00'),(520,8,'2015-12-25 00:00:00'),(521,6,'2016-02-06 00:00:00'),(522,5,'2016-11-06 00:00:00'),(523,6,'2015-10-08 00:00:00'),(524,2,'2016-05-01 00:00:00'),(525,4,'2016-07-08 00:00:00'),(526,9,'2015-12-26 00:00:00'),(527,6,'2016-10-30 00:00:00'),(528,2,'2016-09-22 00:00:00'),(529,6,'2016-06-29 00:00:00'),(530,9,'2016-05-08 00:00:00'),(531,10,'2016-07-12 00:00:00'),(532,3,'2016-09-09 00:00:00'),(533,4,'2016-01-07 00:00:00'),(534,7,'2015-12-27 00:00:00'),(535,5,'2016-12-15 00:00:00'),(536,3,'2016-03-31 00:00:00'),(537,4,'2015-09-15 00:00:00'),(538,1,'2016-08-26 00:00:00'),(539,3,'2016-10-25 00:00:00'),(540,5,'2015-12-10 00:00:00'),(541,5,'2016-06-09 00:00:00'),(542,5,'2016-03-12 00:00:00'),(543,2,'2016-11-29 00:00:00'),(544,6,'2016-05-30 00:00:00'),(545,1,'2016-08-13 00:00:00'),(546,4,'2016-03-07 00:00:00'),(547,2,'2015-09-16 00:00:00'),(548,3,'2016-06-10 00:00:00'),(549,8,'2016-04-30 00:00:00'),(550,5,'2016-12-01 00:00:00'),(551,4,'2016-01-06 00:00:00'),(552,3,'2016-08-25 00:00:00'),(553,5,'2016-07-26 00:00:00'),(554,6,'2016-02-15 00:00:00'),(555,6,'2016-08-05 00:00:00'),(556,3,'2015-09-19 00:00:00'),(557,5,'2016-12-02 00:00:00'),(558,9,'2016-08-10 00:00:00'),(559,3,'2016-06-14 00:00:00'),(560,3,'2016-03-26 00:00:00'),(561,8,'2016-02-02 00:00:00'),(562,4,'2016-07-09 00:00:00'),(563,3,'2016-11-28 00:00:00'),(564,5,'2016-06-15 00:00:00'),(565,6,'2015-09-13 00:00:00'),(566,3,'2016-10-30 00:00:00'),(567,7,'2016-11-04 00:00:00'),(568,6,'2016-05-14 00:00:00'),(569,9,'2015-10-12 00:00:00'),(570,8,'2015-10-16 00:00:00'),(571,1,'2016-03-05 00:00:00'),(572,4,'2015-09-19 00:00:00'),(573,8,'2016-05-07 00:00:00'),(574,1,'2015-12-04 00:00:00'),(575,6,'2016-12-17 00:00:00'),(576,3,'2016-03-05 00:00:00'),(577,1,'2016-03-11 00:00:00'),(578,4,'2016-06-20 00:00:00'),(579,2,'2015-12-20 00:00:00'),(580,3,'2016-08-24 00:00:00'),(581,6,'2016-08-09 00:00:00'),(582,6,'2016-04-25 00:00:00'),(583,10,'2015-12-15 00:00:00'),(584,3,'2015-11-08 00:00:00'),(585,2,'2016-10-16 00:00:00'),(586,3,'2015-09-24 00:00:00'),(587,1,'2016-01-29 00:00:00'),(588,8,'2016-05-14 00:00:00'),(589,7,'2016-09-13 00:00:00'),(590,8,'2016-11-04 00:00:00'),(591,3,'2016-01-25 00:00:00'),(592,7,'2015-09-18 00:00:00'),(593,7,'2016-01-09 00:00:00'),(594,5,'2016-12-23 00:00:00'),(595,8,'2016-09-22 00:00:00'),(596,5,'2016-08-03 00:00:00'),(597,2,'2016-02-06 00:00:00'),(598,6,'2015-10-10 00:00:00'),(599,2,'2015-11-23 00:00:00'),(600,10,'2016-09-19 00:00:00'),(601,9,'2016-03-13 00:00:00'),(602,7,'2015-12-16 00:00:00'),(603,8,'2016-10-28 00:00:00'),(604,7,'2016-04-26 00:00:00'),(605,4,'2016-03-27 00:00:00'),(606,8,'2016-03-08 00:00:00'),(607,4,'2016-06-27 00:00:00'),(608,9,'2016-03-07 00:00:00'),(609,4,'2015-09-12 00:00:00'),(610,8,'2016-02-14 00:00:00'),(611,1,'2015-10-13 00:00:00'),(612,4,'2016-01-23 00:00:00'),(613,4,'2015-12-04 00:00:00'),(614,4,'2016-11-12 00:00:00'),(615,7,'2016-05-22 00:00:00'),(616,10,'2016-02-14 00:00:00'),(617,6,'2016-05-04 00:00:00'),(618,4,'2016-06-24 00:00:00'),(619,1,'2016-01-10 00:00:00'),(620,7,'2016-12-30 00:00:00'),(621,4,'2016-04-08 00:00:00'),(622,1,'2016-03-07 00:00:00'),(623,8,'2016-09-12 00:00:00'),(624,8,'2016-11-20 00:00:00'),(625,3,'2015-10-30 00:00:00'),(626,2,'2016-06-09 00:00:00'),(627,9,'2016-01-11 00:00:00'),(628,5,'2016-06-03 00:00:00'),(629,5,'2015-12-14 00:00:00'),(630,8,'2016-09-13 00:00:00'),(631,2,'2015-11-14 00:00:00'),(632,7,'2016-07-17 00:00:00'),(633,3,'2016-07-10 00:00:00'),(634,9,'2016-12-28 00:00:00'),(635,10,'2016-02-16 00:00:00'),(636,8,'2016-06-04 00:00:00'),(637,10,'2016-03-02 00:00:00'),(638,2,'2016-10-09 00:00:00'),(639,8,'2016-08-02 00:00:00'),(640,8,'2016-11-18 00:00:00'),(641,5,'2016-12-22 00:00:00'),(642,3,'2016-12-15 00:00:00'),(643,6,'2016-02-16 00:00:00'),(644,6,'2016-07-30 00:00:00'),(645,5,'2016-12-22 00:00:00'),(646,2,'2016-01-14 00:00:00'),(647,10,'2016-05-30 00:00:00'),(648,2,'2016-09-02 00:00:00'),(649,8,'2015-11-28 00:00:00'),(650,6,'2015-10-16 00:00:00'),(651,7,'2016-08-26 00:00:00'),(652,1,'2016-01-20 00:00:00'),(653,2,'2016-06-10 00:00:00'),(654,3,'2015-12-30 00:00:00'),(655,2,'2016-10-16 00:00:00'),(656,9,'2015-10-03 00:00:00'),(657,1,'2016-07-03 00:00:00'),(658,10,'2015-10-09 00:00:00'),(659,8,'2016-05-25 00:00:00'),(660,6,'2016-04-29 00:00:00'),(661,8,'2015-12-08 00:00:00'),(662,8,'2016-07-10 00:00:00'),(663,4,'2016-07-23 00:00:00'),(664,9,'2016-11-26 00:00:00'),(665,1,'2015-11-10 00:00:00'),(666,9,'2016-02-15 00:00:00'),(667,7,'2016-07-12 00:00:00'),(668,3,'2016-12-12 00:00:00'),(669,2,'2016-08-14 00:00:00'),(670,6,'2016-04-22 00:00:00'),(671,6,'2016-02-15 00:00:00'),(672,10,'2016-03-04 00:00:00'),(673,5,'2016-05-23 00:00:00'),(674,1,'2016-11-16 00:00:00'),(675,4,'2015-11-29 00:00:00'),(676,4,'2016-06-20 00:00:00'),(677,3,'2015-11-15 00:00:00'),(678,9,'2015-10-24 00:00:00'),(679,1,'2016-06-30 00:00:00'),(680,8,'2016-07-09 00:00:00'),(681,10,'2015-09-19 00:00:00'),(682,7,'2016-06-25 00:00:00'),(683,6,'2016-06-09 00:00:00'),(684,3,'2016-10-31 00:00:00'),(685,4,'2016-09-04 00:00:00'),(686,1,'2016-10-10 00:00:00'),(687,2,'2016-10-27 00:00:00'),(688,4,'2015-09-27 00:00:00'),(689,10,'2016-07-05 00:00:00'),(690,8,'2016-04-23 00:00:00'),(691,1,'2016-02-15 00:00:00'),(692,5,'2015-11-19 00:00:00'),(693,3,'2016-01-30 00:00:00'),(694,10,'2016-01-19 00:00:00'),(695,10,'2016-01-11 00:00:00'),(696,3,'2016-07-19 00:00:00'),(697,3,'2016-10-31 00:00:00'),(698,5,'2016-12-01 00:00:00'),(699,9,'2016-10-07 00:00:00'),(700,6,'2016-08-20 00:00:00'),(701,6,'2015-11-22 00:00:00'),(702,1,'2016-07-21 00:00:00'),(703,7,'2016-08-30 00:00:00'),(704,4,'2016-03-26 00:00:00'),(705,9,'2016-07-10 00:00:00'),(706,10,'2015-11-25 00:00:00'),(707,4,'2016-12-09 00:00:00'),(708,3,'2016-04-06 00:00:00'),(709,8,'2016-05-28 00:00:00'),(710,9,'2015-11-26 00:00:00'),(711,9,'2016-07-02 00:00:00'),(712,5,'2015-10-19 00:00:00'),(713,1,'2015-10-15 00:00:00'),(714,9,'2016-11-29 00:00:00'),(715,7,'2016-10-10 00:00:00'),(716,10,'2016-04-21 00:00:00'),(717,2,'2015-12-14 00:00:00'),(718,10,'2016-12-30 00:00:00'),(719,5,'2016-10-06 00:00:00'),(720,5,'2016-02-05 00:00:00'),(721,5,'2016-01-29 00:00:00'),(722,3,'2016-03-29 00:00:00'),(723,9,'2016-09-14 00:00:00'),(724,4,'2016-05-05 00:00:00'),(725,7,'2016-06-09 00:00:00'),(726,2,'2015-11-07 00:00:00'),(727,3,'2016-04-24 00:00:00'),(728,6,'2016-07-31 00:00:00'),(729,7,'2015-12-25 00:00:00'),(730,1,'2016-04-09 00:00:00'),(731,10,'2016-01-13 00:00:00'),(732,5,'2015-09-25 00:00:00'),(733,1,'2015-09-27 00:00:00'),(734,9,'2016-03-21 00:00:00'),(735,8,'2016-04-06 00:00:00'),(736,8,'2016-02-05 00:00:00'),(737,8,'2015-12-05 00:00:00'),(738,10,'2016-12-23 00:00:00'),(739,5,'2016-06-17 00:00:00'),(740,2,'2016-01-18 00:00:00'),(741,4,'2015-11-15 00:00:00'),(742,7,'2016-02-23 00:00:00'),(743,1,'2016-06-22 00:00:00'),(744,9,'2015-11-26 00:00:00'),(745,7,'2016-07-11 00:00:00'),(746,9,'2016-10-31 00:00:00'),(747,10,'2016-05-13 00:00:00'),(748,6,'2016-02-29 00:00:00'),(749,8,'2016-11-28 00:00:00'),(750,4,'2016-03-22 00:00:00'),(751,8,'2016-04-25 00:00:00'),(752,7,'2015-10-28 00:00:00'),(753,1,'2016-04-10 00:00:00'),(754,1,'2016-06-29 00:00:00'),(755,9,'2016-06-05 00:00:00'),(756,8,'2015-12-11 00:00:00'),(757,6,'2016-01-21 00:00:00'),(758,9,'2016-02-07 00:00:00'),(759,5,'2016-06-08 00:00:00'),(760,3,'2016-08-09 00:00:00'),(761,6,'2015-10-17 00:00:00'),(762,6,'2015-10-30 00:00:00'),(763,5,'2016-04-24 00:00:00'),(764,5,'2015-11-18 00:00:00'),(765,6,'2015-12-29 00:00:00'),(766,8,'2016-09-14 00:00:00'),(767,9,'2016-01-15 00:00:00'),(768,8,'2016-03-03 00:00:00'),(769,10,'2016-12-11 00:00:00'),(770,6,'2016-08-31 00:00:00'),(771,10,'2016-10-27 00:00:00'),(772,2,'2015-12-25 00:00:00'),(773,6,'2016-04-26 00:00:00'),(774,1,'2015-09-19 00:00:00'),(775,8,'2015-09-15 00:00:00'),(776,1,'2016-01-08 00:00:00'),(777,4,'2016-01-25 00:00:00'),(778,8,'2016-08-02 00:00:00'),(779,9,'2016-10-08 00:00:00'),(780,1,'2015-11-28 00:00:00'),(781,10,'2016-03-09 00:00:00'),(782,7,'2016-09-09 00:00:00'),(783,2,'2016-10-04 00:00:00'),(784,8,'2016-02-26 00:00:00'),(785,1,'2015-10-31 00:00:00'),(786,10,'2016-01-28 00:00:00'),(787,6,'2015-09-26 00:00:00'),(788,6,'2015-11-02 00:00:00'),(789,2,'2015-10-03 00:00:00'),(790,1,'2016-06-04 00:00:00'),(791,9,'2016-10-20 00:00:00'),(792,2,'2015-11-21 00:00:00'),(793,9,'2015-11-30 00:00:00'),(794,10,'2016-11-12 00:00:00'),(795,1,'2016-07-23 00:00:00'),(796,1,'2015-10-03 00:00:00'),(797,9,'2015-09-12 00:00:00'),(798,9,'2016-08-02 00:00:00'),(799,1,'2016-12-03 00:00:00'),(800,1,'2016-06-19 00:00:00'),(801,9,'2015-11-13 00:00:00'),(802,2,'2015-09-18 00:00:00'),(803,2,'2016-03-18 00:00:00'),(804,5,'2016-08-02 00:00:00'),(805,3,'2016-01-12 00:00:00'),(806,2,'2016-05-10 00:00:00'),(807,7,'2015-10-06 00:00:00'),(808,3,'2016-01-04 00:00:00'),(809,2,'2016-05-03 00:00:00'),(810,2,'2015-12-23 00:00:00'),(811,3,'2015-12-17 00:00:00'),(812,3,'2015-12-12 00:00:00'),(813,9,'2015-10-18 00:00:00'),(814,1,'2015-09-24 00:00:00'),(815,7,'2016-11-21 00:00:00'),(816,1,'2015-10-13 00:00:00'),(817,1,'2016-05-09 00:00:00'),(818,10,'2015-12-24 00:00:00'),(819,10,'2015-12-23 00:00:00'),(820,5,'2016-02-26 00:00:00'),(821,9,'2015-11-18 00:00:00'),(822,3,'2016-06-16 00:00:00'),(823,9,'2016-05-17 00:00:00'),(824,1,'2016-04-01 00:00:00'),(825,7,'2016-12-18 00:00:00'),(826,2,'2015-12-01 00:00:00'),(827,4,'2016-11-20 00:00:00'),(828,10,'2016-03-14 00:00:00'),(829,5,'2016-01-06 00:00:00'),(830,2,'2015-09-17 00:00:00'),(831,1,'2015-09-29 00:00:00'),(832,6,'2015-12-21 00:00:00'),(833,5,'2015-12-01 00:00:00'),(834,4,'2016-04-14 00:00:00'),(835,9,'2016-02-19 00:00:00'),(836,5,'2016-10-30 00:00:00'),(837,5,'2016-07-27 00:00:00'),(838,2,'2016-08-03 00:00:00'),(839,2,'2016-01-24 00:00:00'),(840,3,'2015-12-19 00:00:00'),(841,4,'2016-09-06 00:00:00'),(842,7,'2016-04-04 00:00:00'),(843,9,'2016-09-03 00:00:00'),(844,10,'2016-07-24 00:00:00'),(845,7,'2016-01-03 00:00:00'),(846,3,'2015-11-26 00:00:00'),(847,4,'2016-09-09 00:00:00'),(848,10,'2016-10-12 00:00:00'),(849,3,'2016-10-02 00:00:00'),(850,2,'2016-02-12 00:00:00'),(851,2,'2015-10-26 00:00:00'),(852,8,'2016-07-10 00:00:00'),(853,4,'2016-07-16 00:00:00'),(854,10,'2016-12-14 00:00:00'),(855,2,'2016-04-05 00:00:00'),(856,2,'2015-12-10 00:00:00'),(857,7,'2016-06-02 00:00:00'),(858,4,'2016-10-27 00:00:00'),(859,6,'2016-04-11 00:00:00'),(860,7,'2016-02-03 00:00:00'),(861,5,'2015-12-17 00:00:00'),(862,10,'2016-12-18 00:00:00'),(863,9,'2016-10-17 00:00:00'),(864,7,'2016-11-16 00:00:00'),(865,3,'2015-10-23 00:00:00'),(866,2,'2016-09-30 00:00:00'),(867,5,'2016-03-31 00:00:00'),(868,1,'2016-12-10 00:00:00'),(869,10,'2016-09-10 00:00:00'),(870,2,'2015-09-13 00:00:00'),(871,2,'2015-10-24 00:00:00'),(872,7,'2016-03-15 00:00:00'),(873,3,'2016-10-07 00:00:00'),(874,3,'2016-12-11 00:00:00'),(875,3,'2016-09-17 00:00:00'),(876,10,'2016-12-11 00:00:00'),(877,10,'2016-08-24 00:00:00'),(878,6,'2016-12-10 00:00:00'),(879,9,'2016-08-26 00:00:00'),(880,9,'2015-12-27 00:00:00'),(881,1,'2015-10-22 00:00:00'),(882,6,'2015-09-16 00:00:00'),(883,10,'2016-04-24 00:00:00'),(884,3,'2016-06-17 00:00:00'),(885,6,'2016-11-08 00:00:00'),(886,10,'2016-04-07 00:00:00'),(887,9,'2016-09-22 00:00:00'),(888,7,'2016-07-07 00:00:00'),(889,6,'2015-10-19 00:00:00'),(890,9,'2016-11-04 00:00:00'),(891,9,'2016-10-20 00:00:00'),(892,6,'2016-10-20 00:00:00'),(893,9,'2016-09-11 00:00:00'),(894,6,'2015-11-20 00:00:00'),(895,4,'2016-07-24 00:00:00'),(896,8,'2016-02-13 00:00:00'),(897,4,'2016-03-25 00:00:00'),(898,9,'2016-01-16 00:00:00'),(899,9,'2016-02-04 00:00:00'),(900,2,'2015-11-09 00:00:00'),(901,6,'2016-04-12 00:00:00'),(902,3,'2015-12-03 00:00:00'),(903,9,'2016-03-17 00:00:00'),(904,5,'2016-10-22 00:00:00'),(905,8,'2016-03-17 00:00:00'),(906,3,'2016-02-20 00:00:00'),(907,2,'2016-06-09 00:00:00'),(908,4,'2016-10-07 00:00:00'),(909,10,'2016-12-29 00:00:00'),(910,7,'2016-10-15 00:00:00'),(911,2,'2016-02-24 00:00:00'),(912,8,'2016-03-26 00:00:00'),(913,7,'2016-05-08 00:00:00'),(914,9,'2016-07-16 00:00:00'),(915,8,'2016-05-24 00:00:00'),(916,10,'2015-09-13 00:00:00'),(917,2,'2016-02-20 00:00:00'),(918,8,'2015-12-27 00:00:00'),(919,1,'2016-12-28 00:00:00'),(920,4,'2015-12-22 00:00:00'),(921,6,'2016-10-02 00:00:00'),(922,4,'2016-07-08 00:00:00'),(923,5,'2016-09-03 00:00:00'),(924,8,'2016-08-19 00:00:00'),(925,6,'2016-03-31 00:00:00'),(926,8,'2016-03-22 00:00:00'),(927,9,'2016-08-21 00:00:00'),(928,3,'2016-05-24 00:00:00'),(929,2,'2016-05-06 00:00:00'),(930,1,'2015-09-28 00:00:00'),(931,1,'2016-12-13 00:00:00'),(932,4,'2015-09-21 00:00:00'),(933,3,'2015-12-29 00:00:00'),(934,3,'2015-09-29 00:00:00'),(935,3,'2016-02-13 00:00:00'),(936,2,'2016-06-28 00:00:00'),(937,3,'2016-10-04 00:00:00'),(938,6,'2016-05-16 00:00:00'),(939,3,'2016-08-08 00:00:00'),(940,2,'2016-02-05 00:00:00'),(941,8,'2016-09-26 00:00:00'),(942,6,'2016-11-12 00:00:00'),(943,5,'2016-05-23 00:00:00'),(944,1,'2016-09-01 00:00:00'),(945,8,'2016-07-02 00:00:00'),(946,6,'2015-10-14 00:00:00'),(947,1,'2016-10-11 00:00:00'),(948,1,'2016-11-05 00:00:00'),(949,10,'2016-02-22 00:00:00'),(950,7,'2016-01-23 00:00:00'),(951,9,'2015-12-05 00:00:00'),(952,10,'2016-10-01 00:00:00'),(953,4,'2015-11-14 00:00:00'),(954,9,'2016-06-04 00:00:00'),(955,9,'2016-06-08 00:00:00'),(956,4,'2016-12-10 00:00:00'),(957,9,'2016-06-16 00:00:00'),(958,2,'2016-11-08 00:00:00'),(959,7,'2016-01-24 00:00:00'),(960,10,'2015-11-23 00:00:00'),(961,3,'2016-03-28 00:00:00'),(962,3,'2016-04-28 00:00:00'),(963,4,'2016-02-12 00:00:00'),(964,7,'2016-02-04 00:00:00'),(965,6,'2016-01-26 00:00:00'),(966,5,'2016-02-20 00:00:00'),(967,2,'2016-04-30 00:00:00'),(968,7,'2016-04-19 00:00:00'),(969,1,'2016-04-27 00:00:00'),(970,1,'2016-04-16 00:00:00'),(971,5,'2016-11-11 00:00:00'),(972,5,'2016-03-28 00:00:00'),(973,4,'2016-01-14 00:00:00'),(974,6,'2016-06-24 00:00:00'),(975,8,'2016-12-03 00:00:00'),(976,4,'2016-04-14 00:00:00'),(977,10,'2016-12-25 00:00:00'),(978,4,'2016-06-26 00:00:00'),(979,10,'2016-02-03 00:00:00'),(980,6,'2016-12-22 00:00:00'),(981,4,'2016-05-09 00:00:00'),(982,10,'2015-10-10 00:00:00'),(983,6,'2016-04-23 00:00:00'),(984,10,'2016-07-02 00:00:00'),(985,1,'2016-06-01 00:00:00'),(986,5,'2015-09-12 00:00:00'),(987,5,'2016-05-01 00:00:00'),(988,8,'2016-11-28 00:00:00'),(989,6,'2016-08-23 00:00:00'),(990,7,'2016-02-01 00:00:00'),(991,8,'2016-01-26 00:00:00'),(992,3,'2015-09-22 00:00:00'),(993,7,'2016-08-07 00:00:00'),(994,10,'2016-06-16 00:00:00'),(995,6,'2016-05-29 00:00:00'),(996,1,'2016-06-20 00:00:00'),(997,7,'2016-11-08 00:00:00'),(998,4,'2015-10-03 00:00:00'),(999,7,'2015-12-08 00:00:00'),(1000,8,'2016-02-08 00:00:00'),(1001,4,'2016-09-01 00:00:00'),(1002,3,'2015-12-10 00:00:00'),(1003,2,'2016-08-30 00:00:00'),(1004,5,'2016-12-25 00:00:00'),(1005,3,'2016-07-19 00:00:00'),(1006,10,'2015-11-15 00:00:00'),(1007,2,'2015-10-01 00:00:00'),(1008,8,'2015-12-24 00:00:00'),(1009,9,'2016-09-26 00:00:00'),(1010,4,'2016-08-27 00:00:00'),(1011,4,'2016-03-06 00:00:00'),(1012,3,'2016-03-21 00:00:00'),(1013,5,'2016-12-25 00:00:00'),(1014,2,'2016-07-04 00:00:00'),(1015,10,'2015-11-07 00:00:00'),(1016,9,'2016-11-21 00:00:00'),(1017,2,'2016-01-12 00:00:00'),(1018,1,'2015-10-28 00:00:00'),(1019,1,'2015-12-27 00:00:00'),(1020,9,'2016-04-23 00:00:00'),(1021,7,'2016-03-08 00:00:00'),(1022,5,'2016-10-08 00:00:00'),(1023,1,'2016-09-16 00:00:00'),(1024,6,'2015-11-25 00:00:00'),(1025,9,'2016-10-21 00:00:00'),(1026,3,'2016-11-25 00:00:00'),(1027,4,'2015-12-26 00:00:00'),(1028,3,'2016-04-29 00:00:00'),(1029,2,'2016-09-17 00:00:00'),(1030,10,'2016-03-12 00:00:00'),(1031,3,'2015-10-03 00:00:00'),(1032,4,'2016-09-12 00:00:00'),(1033,9,'2016-03-22 00:00:00'),(1034,7,'2016-02-05 00:00:00'),(1035,8,'2016-12-12 00:00:00'),(1036,4,'2016-05-12 00:00:00'),(1037,4,'2016-03-17 00:00:00'),(1038,2,'2016-09-07 00:00:00'),(1039,10,'2016-03-10 00:00:00'),(1040,3,'2016-09-02 00:00:00'),(1041,7,'2016-10-03 00:00:00'),(1042,1,'2016-04-14 00:00:00'),(1043,10,'2016-12-31 00:00:00'),(1044,8,'2016-01-07 00:00:00'),(1045,7,'2015-10-02 00:00:00'),(1046,1,'2016-08-01 00:00:00'),(1047,5,'2016-11-30 00:00:00'),(1048,4,'2016-03-20 00:00:00'),(1049,8,'2016-02-11 00:00:00'),(1050,3,'2016-12-18 00:00:00'),(1051,5,'2016-05-04 00:00:00'),(1052,9,'2016-07-03 00:00:00'),(1053,4,'2016-10-08 00:00:00'),(1054,3,'2015-10-10 00:00:00'),(1055,9,'2016-01-30 00:00:00'),(1056,2,'2016-04-05 00:00:00'),(1057,9,'2016-04-28 00:00:00'),(1058,5,'2015-11-21 00:00:00'),(1059,5,'2016-10-09 00:00:00'),(1060,9,'2016-01-13 00:00:00'),(1061,10,'2015-09-27 00:00:00'),(1062,10,'2016-12-16 00:00:00'),(1063,4,'2016-03-17 00:00:00'),(1064,8,'2016-02-06 00:00:00'),(1065,3,'2015-10-19 00:00:00'),(1066,6,'2015-09-11 00:00:00'),(1067,7,'2016-09-13 00:00:00'),(1068,6,'2016-04-21 00:00:00'),(1069,6,'2015-09-11 00:00:00'),(1070,4,'2016-09-25 00:00:00'),(1071,3,'2016-02-21 00:00:00'),(1072,9,'2016-03-25 00:00:00'),(1073,6,'2015-11-05 00:00:00'),(1074,10,'2016-02-06 00:00:00'),(1075,6,'2016-12-15 00:00:00'),(1076,1,'2016-10-05 00:00:00'),(1077,8,'2016-05-15 00:00:00'),(1078,10,'2016-12-20 00:00:00'),(1079,3,'2015-11-22 00:00:00'),(1080,3,'2016-07-10 00:00:00'),(1081,7,'2016-06-10 00:00:00'),(1082,4,'2016-10-03 00:00:00'),(1083,3,'2016-01-12 00:00:00'),(1084,3,'2016-12-01 00:00:00'),(1085,8,'2016-10-04 00:00:00'),(1086,2,'2016-06-06 00:00:00'),(1087,10,'2016-12-14 00:00:00'),(1088,1,'2016-12-25 00:00:00'),(1089,3,'2016-05-26 00:00:00'),(1090,6,'2015-09-23 00:00:00'),(1091,9,'2016-11-01 00:00:00'),(1092,4,'2016-05-11 00:00:00'),(1093,5,'2016-07-07 00:00:00'),(1094,8,'2016-02-04 00:00:00'),(1095,10,'2016-09-14 00:00:00'),(1096,4,'2015-09-19 00:00:00'),(1097,9,'2016-06-13 00:00:00'),(1098,9,'2016-08-05 00:00:00'),(1099,7,'2015-11-04 00:00:00'),(1100,10,'2015-10-29 00:00:00'),(1101,7,'2016-02-29 00:00:00'),(1102,4,'2015-10-23 00:00:00'),(1103,1,'2016-07-14 00:00:00'),(1104,2,'2016-03-23 00:00:00'),(1105,5,'2016-03-07 00:00:00'),(1106,3,'2016-08-07 00:00:00'),(1107,3,'2016-01-22 00:00:00'),(1108,10,'2016-07-12 00:00:00'),(1109,10,'2016-08-05 00:00:00'),(1110,5,'2016-08-07 00:00:00'),(1111,8,'2016-11-09 00:00:00'),(1112,5,'2016-10-02 00:00:00'),(1113,6,'2016-05-28 00:00:00'),(1114,7,'2016-02-05 00:00:00'),(1115,5,'2015-11-10 00:00:00'),(1116,5,'2016-06-20 00:00:00'),(1117,7,'2015-10-18 00:00:00'),(1118,8,'2016-10-03 00:00:00'),(1119,3,'2016-09-08 00:00:00'),(1120,2,'2016-11-19 00:00:00'),(1121,7,'2016-07-19 00:00:00'),(1122,10,'2016-03-11 00:00:00'),(1123,1,'2016-10-01 00:00:00'),(1124,6,'2016-10-18 00:00:00'),(1125,6,'2016-12-17 00:00:00'),(1126,9,'2016-12-15 00:00:00'),(1127,8,'2016-01-08 00:00:00'),(1128,8,'2016-02-14 00:00:00'),(1129,7,'2016-01-21 00:00:00'),(1130,5,'2016-04-17 00:00:00');
/*!40000 ALTER TABLE `availability` ENABLE KEYS */;
UNLOCK TABLES;

--
-- Table structure for table `guides`
--

DROP TABLE IF EXISTS `guides`;
/*!40101 SET @saved_cs_client     = @@character_set_client */;
/*!40101 SET character_set_client = utf8 */;
CREATE TABLE `guides` (
  `id` int(11) NOT NULL AUTO_INCREMENT,
  `name` varchar(45) DEFAULT NULL,
  `description` text,
  `location` varchar(45) DEFAULT NULL,
  `image` varchar(255) DEFAULT NULL,
  `price` float DEFAULT NULL,
  `dob` datetime DEFAULT NULL,
  `phone` varchar(45) DEFAULT NULL,
  `email` varchar(255) DEFAULT NULL,
  `password` varchar(255) DEFAULT NULL,
  `created_at` datetime DEFAULT NULL,
  `updated_at` datetime DEFAULT NULL,
  PRIMARY KEY (`id`)
) ENGINE=InnoDB AUTO_INCREMENT=11 DEFAULT CHARSET=latin1;
/*!40101 SET character_set_client = @saved_cs_client */;

--
-- Dumping data for table `guides`
--

LOCK TABLES `guides` WRITE;
/*!40000 ALTER TABLE `guides` DISABLE KEYS */;
INSERT INTO `guides` VALUES (1,'Sue Su','I don\'t really know what I\'m talking about most of the time.','1980 Zanker Rd, San Jose, CA','',100,'1997-11-28 00:00:00','4087020692','suesu@gmail.com','22843bcc1e4bf833879a6af91b78c014','2015-08-28 13:53:55','2015-08-31 19:57:17'),(2,'Sourabh Pal','Public restrooms are great places to meet strangers.','3708 Laguna Ave, Palo Alto','',1,'1988-05-23 00:00:00','6099370629','sourabh@gmail.com','a1ccf92f07ad5d86fa2d41e5fd1ad142','2015-08-28 14:51:13','2015-09-01 11:46:18'),(3,'Ray Oleaga','See the world and have a good time!','Providence, RI','',40.44,'1986-09-25 00:00:00','4013010680','ray@gmail.com','c7c7661ef885a3f37dd18bdca92a2d20','2015-08-28 14:51:27','2015-09-01 11:46:18'),(4,'Ron Sim','Come back to me.','Fremont, CA','',88.88,'1984-06-24 00:00:00',NULL,'ron@gmail.com','d03cc02a01c51b8cee222972393d707b','2015-08-28 14:51:41','2015-09-01 11:46:18'),(5,'Lan Nguyen','Bun Bo Hue','Redwood City, CA','',999.99,'1982-06-21 00:00:00','4084827159','lan@gmail.com','b26fa69b5fa46f560ee54e52c0b1e4ff','2015-08-28 14:51:55','2015-09-01 11:46:18'),(6,'Nick Leonard','If you pay enough I\'ll play around','Long Beach, CA','',77.89,'1983-07-27 00:00:00',NULL,'nick@gmail.com','907335cec18fc90a9fee95fd9d6a2ef6','2015-08-28 20:53:49','2015-09-01 11:46:18'),(7,'Placeholder',NULL,NULL,NULL,NULL,NULL,NULL,NULL,NULL,NULL,NULL),(8,'Timmy The Dog','Woof woof','Tampa, FL','',1000000,'2008-07-10 00:00:00','6099370629','timmy@gmail.com','89a1f7bd03f37fd4c86b7fbb4e417b3a','2015-09-01 14:05:19',NULL),(9,'Brooklyn Decker','I have boobs.','Brooklyn, NY',NULL,20,'1978-03-23 00:00:00','6099370629','brooklyn@gmail.com','5908738282bcd358a9ef299ed6f5930d','2015-09-01 14:31:55','2015-09-01 14:33:21'),(10,'Olivia Wilde','I like House','Hollywood, CA',NULL,700,'1985-08-25 00:00:00','1234567890','olivia@gmail.com','87a0e339fb7757039a79a375ae6ac906','2015-09-01 20:17:42','2015-09-01 20:18:40');
/*!40000 ALTER TABLE `guides` ENABLE KEYS */;
UNLOCK TABLES;

--
-- Table structure for table `messages`
--

DROP TABLE IF EXISTS `messages`;
/*!40101 SET @saved_cs_client     = @@character_set_client */;
/*!40101 SET character_set_client = utf8 */;
CREATE TABLE `messages` (
  `id` int(11) NOT NULL AUTO_INCREMENT,
  `user_id` int(11) NOT NULL,
  `guide_id` int(11) NOT NULL,
  `message` text,
  `created_at` datetime DEFAULT NULL,
  PRIMARY KEY (`id`),
  KEY `fk_messages_users_idx` (`user_id`),
  KEY `fk_messages_guides1_idx` (`guide_id`),
  CONSTRAINT `fk_messages_users` FOREIGN KEY (`user_id`) REFERENCES `users` (`id`) ON DELETE NO ACTION ON UPDATE NO ACTION,
  CONSTRAINT `fk_messages_guides1` FOREIGN KEY (`guide_id`) REFERENCES `guides` (`id`) ON DELETE NO ACTION ON UPDATE NO ACTION
) ENGINE=InnoDB AUTO_INCREMENT=20 DEFAULT CHARSET=latin1;
/*!40101 SET character_set_client = @saved_cs_client */;

--
-- Dumping data for table `messages`
--

LOCK TABLES `messages` WRITE;
/*!40000 ALTER TABLE `messages` DISABLE KEYS */;
INSERT INTO `messages` VALUES (1,6,1,'hello','2015-09-01 09:36:57'),(2,7,1,'whats up','2015-09-02 09:36:57'),(3,8,1,'hey dude','2015-09-03 09:36:57'),(4,4,2,'sup man','2015-08-01 09:36:57'),(5,5,2,'harrooooo','2015-08-11 09:36:57'),(6,6,3,'hello','2015-07-11 09:36:57'),(7,2,3,'hiii','2015-09-01 09:36:57'),(8,1,4,'this is a message','2015-09-02 09:36:57'),(9,2,5,'i like writing messages','2015-08-15 09:36:57'),(10,3,5,'messages are cool','2015-08-16 09:36:57'),(11,16,1,'asdf','2015-09-01 10:45:13'),(12,16,1,'another message for sue!','2015-09-01 10:45:29'),(13,16,1,'Hello','2015-09-01 11:00:21'),(14,16,1,'Hello','2015-09-01 11:01:18'),(15,3,2,'You look Indian.','2015-09-01 11:06:41'),(16,16,2,'Stop eating curry','2015-09-01 11:08:19'),(17,3,5,'Hey Lan','2015-09-01 14:08:43'),(18,16,1,'oewpijagowejfwpef','2015-09-01 14:10:40'),(19,25,1,'testing','2015-09-01 21:09:57');
/*!40000 ALTER TABLE `messages` ENABLE KEYS */;
UNLOCK TABLES;

--
-- Table structure for table `reservations`
--

DROP TABLE IF EXISTS `reservations`;
/*!40101 SET @saved_cs_client     = @@character_set_client */;
/*!40101 SET character_set_client = utf8 */;
CREATE TABLE `reservations` (
  `id` int(11) NOT NULL AUTO_INCREMENT,
  `user_id` int(11) NOT NULL,
  `guide_id` int(11) NOT NULL,
  `date` datetime DEFAULT NULL,
  `confirmation` int(11) DEFAULT NULL,
  `created_at` datetime DEFAULT NULL,
  `updated_at` datetime DEFAULT NULL,
  PRIMARY KEY (`id`),
  KEY `fk_reservations_users1_idx` (`user_id`),
  KEY `fk_reservations_guides1_idx` (`guide_id`),
  CONSTRAINT `fk_reservations_users1` FOREIGN KEY (`user_id`) REFERENCES `users` (`id`) ON DELETE NO ACTION ON UPDATE NO ACTION,
  CONSTRAINT `fk_reservations_guides1` FOREIGN KEY (`guide_id`) REFERENCES `guides` (`id`) ON DELETE NO ACTION ON UPDATE NO ACTION
) ENGINE=InnoDB AUTO_INCREMENT=61 DEFAULT CHARSET=latin1;
/*!40101 SET character_set_client = @saved_cs_client */;

--
-- Dumping data for table `reservations`
--

LOCK TABLES `reservations` WRITE;
/*!40000 ALTER TABLE `reservations` DISABLE KEYS */;
INSERT INTO `reservations` VALUES (37,3,5,'2015-08-31 00:00:00',203400,'2015-09-01 08:58:47','2015-09-01 08:58:47'),(38,8,5,'2015-09-10 00:00:00',822291,'2015-09-01 09:02:58','2015-09-01 09:02:58'),(39,23,1,'2015-09-09 00:00:00',163407,'2015-09-01 09:12:33','2015-09-01 09:12:33'),(40,24,1,'2015-09-10 00:00:00',169529,'2015-09-01 09:16:07','2015-09-01 09:16:07'),(41,1,3,'2015-09-15 00:00:00',787549,'2015-09-01 09:40:44','2015-09-01 09:40:44'),(42,2,8,'2015-10-23 00:00:00',232909,'2015-09-01 20:27:10','2015-09-01 20:27:18'),(43,22,9,'2015-11-22 00:00:00',432222,'2015-09-01 20:27:10','2015-09-01 20:27:18'),(44,23,8,'2015-11-12 00:00:00',439280,'2015-09-01 20:27:10','2015-09-01 20:27:18'),(45,24,6,'2015-09-12 00:00:00',652222,'2015-09-01 20:27:10','2015-09-01 20:27:18'),(46,25,8,'2015-09-25 00:00:00',239807,'2015-09-01 20:27:10','2015-09-01 20:27:18'),(47,26,5,'2015-12-12 00:00:00',532830,'2015-09-01 20:27:10','2015-09-01 20:27:18'),(48,27,8,'2015-12-30 00:00:00',401739,'2015-09-01 20:27:10','2015-09-01 20:27:18'),(49,28,9,'2015-09-25 00:00:00',449207,'2015-09-01 20:27:10','2015-09-01 20:27:18'),(50,29,10,'2015-10-11 00:00:00',728346,'2015-09-01 20:27:10','2015-09-01 20:27:18'),(51,30,8,'2015-10-12 00:00:00',349370,'2015-09-01 20:27:10','2015-09-01 20:27:18'),(53,32,8,'2015-09-28 00:00:00',123740,'2015-09-01 20:27:10','2015-09-01 20:27:18'),(54,33,5,'2015-09-30 00:00:00',999273,'2015-09-01 20:27:10','2015-09-01 20:27:18'),(55,42,4,'2015-09-12 00:00:00',329380,'2015-09-01 20:27:10','2015-09-01 20:27:18'),(56,41,4,'2015-09-19 00:00:00',232345,'2015-09-01 20:27:10','2015-09-01 20:27:18'),(57,40,1,'2015-11-27 00:00:00',573892,'2015-09-01 20:27:10','2015-09-01 20:27:18'),(58,39,1,'2015-11-28 00:00:00',382903,'2015-09-01 20:27:10','2015-09-01 20:27:18'),(59,38,1,'2015-09-19 00:00:00',346662,'2015-09-01 20:27:10','2015-09-01 20:27:18'),(60,36,1,'2015-10-15 00:00:00',392037,'2015-09-01 20:27:10','2015-09-01 20:27:18');
/*!40000 ALTER TABLE `reservations` ENABLE KEYS */;
UNLOCK TABLES;

--
-- Table structure for table `reviews`
--

DROP TABLE IF EXISTS `reviews`;
/*!40101 SET @saved_cs_client     = @@character_set_client */;
/*!40101 SET character_set_client = utf8 */;
CREATE TABLE `reviews` (
  `id` int(11) NOT NULL AUTO_INCREMENT,
  `user_id` int(11) NOT NULL,
  `guide_id` int(11) NOT NULL,
  `review` text,
  `created_at` datetime DEFAULT NULL,
  `star` smallint(6) DEFAULT NULL,
  PRIMARY KEY (`id`),
  KEY `fk_reviews_users1_idx` (`user_id`),
  KEY `fk_reviews_guides1_idx` (`guide_id`),
  CONSTRAINT `fk_reviews_users1` FOREIGN KEY (`user_id`) REFERENCES `users` (`id`) ON DELETE NO ACTION ON UPDATE NO ACTION,
  CONSTRAINT `fk_reviews_guides1` FOREIGN KEY (`guide_id`) REFERENCES `guides` (`id`) ON DELETE NO ACTION ON UPDATE NO ACTION
) ENGINE=InnoDB AUTO_INCREMENT=279 DEFAULT CHARSET=latin1;
/*!40101 SET character_set_client = @saved_cs_client */;

--
-- Dumping data for table `reviews`
--

LOCK TABLES `reviews` WRITE;
/*!40000 ALTER TABLE `reviews` DISABLE KEYS */;
INSERT INTO `reviews` VALUES (1,5,1,'Sue is so cool','2015-09-21 09:45:30',5),(2,6,1,'The best','2015-09-01 09:45:42',5),(3,7,1,'Loved the tour','2015-08-11 09:45:42',5),(4,8,1,'Awesome!','2015-07-01 09:45:42',5),(5,1,2,'He sucks.','2015-09-01 09:45:30',1),(6,4,2,'I think he\'s Indian.','2015-09-01 09:45:42',1),(7,5,2,'Don\'t waste your dollar on him.','2015-07-23 09:45:42',1),(8,8,3,'Ray is great!','2015-09-01 09:45:30',5),(9,2,4,'She got lost a few times.','2015-09-01 09:58:09',1),(10,16,2,'Run as fast as you can!!','2015-09-02 00:00:00',1),(11,18,3,'Rayyyyyyyyy','2015-07-09 00:00:00',5),(12,22,4,'I enjoyed the vietnamese coffee shop a lot.','2015-07-13 13:58:55',5),(13,23,4,'Dave and Busterrrrssss','2015-08-11 13:58:55',5),(14,24,4,'Ronald sounds like an old white man\'s name.','2015-06-22 13:58:55',3),(15,5,5,'She\'s really nice','2015-09-01 13:58:55',5),(16,6,5,'Like super nice.','2015-02-01 13:58:55',5),(17,7,5,'Bun Bo Hue was okay.','2015-05-25 13:58:55',4),(18,8,5,'I love Lan','2015-04-26 13:58:55',5),(19,22,5,'Lan is Love, Lan is Life','2015-09-02 13:58:55',5),(20,24,5,'I\'m visiting her again next time!','2015-07-29 13:58:55',5),(21,30,6,'Some reviews blah blah','2015-09-01 20:32:35',2),(22,31,6,'Some junk data','2015-09-01 20:32:35',4),(23,32,6,'Can\'t believe I have to populate the database with crap','2015-09-01 20:32:35',3),(24,33,6,'Lalala','2015-09-01 20:32:35',4),(25,34,6,'Teehee','2015-09-01 20:32:35',2),(26,35,8,'I like to go to the bathroom','2015-09-01 20:32:35',5),(27,36,8,'Swimsuits are nice','2015-09-01 20:32:35',4),(28,37,8,'Okay','2015-09-01 20:32:35',3),(29,24,9,'I suck at coming up with random review comments.','2015-09-01 20:32:35',4),(30,33,9,'The water here doesn\'t have filters','2015-09-01 20:32:35',1),(31,39,9,'Lots of signs in the bathroom','2015-09-01 20:32:35',2),(32,40,9,'Popeye makes me feel dizzy.','2015-09-01 20:32:35',5),(33,36,10,'Wow','2015-09-01 20:32:35',5),(34,37,10,'Cool','2015-09-01 20:32:35',5),(35,38,10,'You look nice','2015-09-01 20:32:35',5),(36,39,10,'Do you want to go out sometimes?','2015-09-01 20:32:35',1),(37,40,10,'5 starsssss','2015-09-01 20:32:35',5),(38,41,10,'I like house too','2015-09-01 20:32:35',5),(39,42,1,'Let\'s go to SF together!','2015-09-01 20:32:35',5),(174,25,2,'jBIZFkJU LKUYJogp aJMttcw mFrS AuZAZj TWUER ogaDHbmuu wRJIwaA BUNbUXkN fsLZGSZjz wUwc nMZKM ynumoo zceFu FaIFkiGG cJtq ','2015-02-20 00:00:00',2),(175,29,1,'vmLKBW DaPYR YAajIG LJzeZUwZ pzyB idhsG iFZD zENilCU bYTWvTZLs mDFqLY TgCSKgsoT zvwuxvn QhtBAQ ewePubIB BlKTADv ZRuw IQdPk pautxzi BRtfsFPmf ','2014-09-16 00:00:00',1),(176,35,2,'OMiFQYQ oRQIoq gRIzXaeM kfVqx RmiaSY IvnzmVNCM uvtrwxeJI FZHaQ iRLhQtCdT ZGrMAMiT Erho rTZY PRcHDkxWN PCBwUnX vQJaiRo ','2014-08-16 00:00:00',2),(177,25,2,'XYdF ocybDoE KysH OyOO GcQOjYV WToBv DTEhhjm HFzMtYAhG kwVt QErKTS wvYb ','2014-04-20 00:00:00',1),(178,24,3,'vyEOwfWdm AhAV emJYeOuAN dTHURz peeMj Qviq IlCNylL agcOCgI bAIqQ vCWwssEJ nVyatKLVL YAufiDgIl yYTbUq nVejiZ issUoeM EgsMJ vVXUUQ Pgqcculku tMmnbqaoU HHQg ','2014-12-18 00:00:00',5),(179,36,10,'VubmpGHU UbxwNxAnT fLle TdbQGp BJHNYou mpUKMIhmV naMz fsih OwPqf deLyWY RJBzRNuS vEAz ','2015-08-26 00:00:00',3),(180,40,7,'nQNtnR ZpuXel FKxtfqu UUaFNIw fKFTeTKB aVQegxJRV Wlwx rxLf iUlT fXtPymP ','2015-03-06 00:00:00',5),(181,23,9,'suFoGcL ujyzoGuA UFxovV lpDfQdJ yoxe jRLsp GWEhv NSNjOo eSAUWj uyAz JrAbGLIC QYPDR MGShKKH HQIboiB SSEU ','2014-08-29 00:00:00',3),(182,28,6,'avXRYJ QRhByN pvkE MIxEnrd UfjnfEk CUutLCVkp zKoe aNMFa JDXO lUrwRUql cNimc MNAQc EPgESPi DVcymyph AvRoEdrQ frGiSkXY ','2014-10-27 00:00:00',1),(183,39,8,'TJQghf WGJNU RmdHr oznzwm manTs DinK BHUkv ynaCUsXj lJoyYBylv sYZGJnirh NWRaXt pqehCNwaM zXuqqsqXc fuMyhIp GIdW ieBWABIzb ','2015-05-07 00:00:00',5),(184,40,4,'UonZIZx INYovblu pWfPy ozuiRruA JNksM ivvgJQh lrkiwZGko EwYV ygAlqSYY tuhd oYwFi cilmxrR ','2015-01-18 00:00:00',5),(185,28,8,'lakeYiesD wNBvk EPjM wksn IaQx cxdgwmlPP lDYHNf DpYEL WZnF ecSgAVnWi LXXWAW ocPRsNv Vsdj cnbVuBRIx hiWffxbJM zDwm AisDrrFFs ZTsHrrP ','2015-07-02 00:00:00',4),(186,27,10,'pxbObxbbY tBBLh dIfX NorD FyvruLOw PTBQRK tlVAr ixXjlmBOb mwyH mdHc iTPTeieaI ZRUXaf CUkJg hOOuRwx FrDyvMCv ZvmTsn CPSMzZuGN ','2014-11-09 00:00:00',4),(187,22,7,'kQYJlK Heldr wEdY WLSWfz oBpTaJeQ NcrZKvl MpjrthLp DmXdVmFkg TkwBYzS jojWbygsS digHu Lqqq wWuHtWF ODccMZdlf dtAmzh ','2014-04-25 00:00:00',4),(188,34,9,'xrgSY OEsDhu UuJgzgk GwsOdWHaQ xhXqgxfKQ RloMFYSe dXLz zDlhD YbkW quxakg vvFbtxgyB kbtK FRhHQiS AihYireb zGOTeUsF CGrnlXesE BwIcFPbOh PVFv zAERfDuM ','2015-01-22 00:00:00',5),(189,35,10,'wHSTq zfWnncdiI ShZxZf uSVb NOgkwZeM ERRRfTVnB gJuDJz drAfhoT zpnDb hTZZ TVmvpseJW jARAbWIp WOfjsgrA rzYk kFKDKu yDaqeb NqcJf Txpl ','2015-07-08 00:00:00',5),(190,28,6,'SztDceXC BCTGEft idaqXxFiv LSizKHSoK lmANPtttz pHRpYOND iyIbHhMpa ZXmm ZcRtvq LYYa MOAJXYsZG LVALVyX ','2015-08-04 00:00:00',3),(191,41,10,'Geyrc sZjhzT ymde PamBWLze wpuNVyl BIGAS ZLSyXWCJ DWmAHMEp UJWPi dJQJ Iwjup rlkbXOY oGWTV NFbD jGxaqHJN dczvnKxl vvNcrG wuDyXqIEO ','2014-04-17 00:00:00',2),(192,40,5,'vJMQX niVJEI VpJsJmQG ykrgeNy aTwNJtjX fGgNscc uLnk RICiPH otXhQKRkU MZwTNOWQ qBeBUVjw Zean YvoImy blDyfqm gcsI TDcd gceh ','2015-02-13 00:00:00',2),(193,33,2,'YqraCVyH KJsNb UVFX FeaJmrmrc gauy XtzF koYXqaS FQjkU TgBgy lEEGcFD fibpwZ NZfYE iOQsIWUPu aZdGcJ yOszd zqCywBds SicBfXrz rzzYBj ZYAz ','2014-07-17 00:00:00',4),(194,28,10,'PtBhdt gVvdm zDuZCViLV mviB BuRrNs RMPXHk TfAx zawHLrO NWzhyTYPH oyddv nwEtWbTv pcNH KuNjBldz KRpj sEFGbjZXl smivaQmKk ULlY mIcCS UwCByLBvW ','2014-02-02 00:00:00',2),(195,38,2,'twUDw pHMBUvDw ArKcS OuEKO UsCdLY puMEczfXV ujjLUmEd YHLN GfCK BIgWvKZU WQzqaJcU HXWGFIuFp ','2014-09-05 00:00:00',3),(196,25,10,'xGchFWY NxSNgVH DFZj HERWe VvJDTpFbV ZwpwpdC LEPqD BlDsiHsed HWrm mPWJetZhV SAaje LqCezkwEo lkQyid eNsyN tYtUZCZ nqBrPMOta Fkdes ','2014-11-08 00:00:00',2),(197,29,5,'IkpGDkGgj tzgLpSA SNodRsv KTTuPBFfi pOpyt YzunsVWk knACJymD HsUmyc NRLmku KPycK mtFATh suOLc FpFH sywEJQPt ovqJIKo EwtWR HTom ','2014-04-04 00:00:00',5),(198,40,9,'qRchGv VReEzOTI qcpikX zklt fGyv ADeVqZ uEmjyVCO RXiPZIZkb pHCL dojY iLaMXjl LaQDXZsWH ','2014-04-24 00:00:00',5),(199,24,7,'Zivcx bdMNdzK KDZKu ItVEanL KiZKruNP PSLCVlmjV iGkKoDGT TFmENlp GdTE MpuIAHRwx dIKslqmPk cOEneJTh yZpOuXp OMAO ','2014-08-11 00:00:00',3),(200,25,5,'ukYmmNQA AuZdSZtHt WvgIV yesHyhbIg VTevL PKIIKcp tmzz vttzMaYUc aqCUvXG NrJv LLff EESZYlzLm FoeGFG aEhbryK ','2015-05-10 00:00:00',1),(201,32,5,'wjfoieA PMfvbkb QCHvJIM sAHO lqvuwJDAk qWrLX NErplMZ zgmZNbYZs tOdXpn Fkzri eMtu ftSFzfFnh nzXGnbE pMiAmzI EvHYu rmsRsXfz ','2015-04-11 00:00:00',3),(202,29,10,'BDPRq rDxZRcvya lscEjuCp dHTDHgfkW BUoesnWuJ vyGNAk VMmPQUIuB zMKwnFKs YosHINgpA zxClJrc awfOVRz fecxca uHuhNJIu fWuPo toTzdP DhwIj KjFfRZnEJ ZSaWnQkKj DJCsaf wNJqyS ','2014-11-28 00:00:00',3),(203,33,7,'FLnxM LCuvM YvvrvARSo jMtfpdb rHRF EPQg lSckn CJYtCm LYoRosSuJ lpEPeu nFPqQdOsM MpYHaXVR nKFXj mOHriEFOt FwJXiwKxu ysnqDB jyka ZIdimIXF ','2015-07-21 00:00:00',5),(204,33,1,'KkIeB wPxa yjPJk ISERfmO RqNfQXPb TDNqslr KAxuKYdD UIPIuHY MPeB LvuzMMLd vDTQoS RvNAlvUSu Fkhg SCvr idsEz ','2014-12-27 00:00:00',2),(205,31,3,'cLVC rxPMAuWHB zduRsCVKh GFJQVR GNvEeTuRt NbqLBufs InxPIeur qiNXWjBbd SxKGyarZv sigGFW JrFEH sEKCgMGb dLkCMCC ','2015-07-18 00:00:00',1),(206,22,10,'WdQFvwk lDHW NILP PBxro TwaOMhqIk oGDz OcqKiesU FKvccKcWg KTjb uiQaLqJ takCeDw ','2014-04-13 00:00:00',2),(207,25,2,'eoflq eARGUZxV OElhEwJJ gIincuwhI tYrxyie iCoTqT xyBh AnPJ SdXaLyt QRjYWDhy aOLfmkHtr HhRi ','2015-08-21 00:00:00',2),(208,40,2,'urulAsi zGWA IGISnc vJrmR hXsNBN VZFo KOOG joVSh UrEEI waYttMVg QfxfnhTb ilcedjnY RCjIYkG DtnKke HjdOdeCl FptPC ','2014-01-14 00:00:00',1),(209,28,4,'TKKl dzXnE UORJRWld RtGGW XqTxtMheY hytuch QYYIV LhbeO aMFrGdL lPrGWQ rShG gFrbPdiR XziK zqjk uabbXRbo ','2014-08-07 00:00:00',5),(210,25,10,'LqqOyhV HegNDw OgrPhsMYu IDWc xNhNBGVxd CjrfGoU GJTZwStw WtDOQqW SDzqGdS vYvJTiqD pZUJ vGPZuF rjiUJ ','2015-03-03 00:00:00',2),(211,32,8,'qMSk iNXyMSiin XnjCDAMM wlWjEn VakfVt TRELaMZOJ XmPyZ UvNQFse nfisbCkUu FuBFilRg HFyjzU qzpvxCAGV ifvCUbW ','2014-11-02 00:00:00',2),(212,35,2,'gfREp zmHZC weCd elfzOaBLw QeFc LUQal nToPW UzOUDaZd ZEAwMrAs MdoCeA ruggqRbQG tHUxwUbXq oRfIDjXg yYFSe jWMZDItk ','2014-09-26 00:00:00',4),(213,39,7,'NGSELBi yoiXnNPsz omZSUtcxj UcnHIgmt vpgJxdX TpLSE RwSkyquik wSfCez AOqkl hxmwie gWwZ VpCd YzsecxD XrChD oaiLjnLqj qrdF hgSHyWJWz TQybuuqvD EQNV ','2014-12-07 00:00:00',3),(214,41,3,'khXcOwYys vmoUnJ DeSFJ sEIoQao kvFnkbl tJeFYZTI xMgcv vZyJQyYx udVEeho RteQsX HvkNxG SGbCwzB hVXdAbkPA iESB riXCWui nOAQkZ ehnbkN vCDx hqmKHvHk csQqg ','2014-01-11 00:00:00',2),(215,24,4,'xMxHzA cdBO RaWzw JNGcDXi ezkDVHpsp SsRWUFhM dmcHWQo tlgopGyTB iUwX POIJuQvb HeBDUQCob CrpbkRhs Eqytegcz yARgEsJzi NkVpC ','2014-07-21 00:00:00',2),(216,28,8,'Ocvm AsyapW gcgzMFI sSUIufZhh nVAJhW AvkQr WuSwhxeg XaxsfwAn NjvwrrHRN IeDEzvbHT NIdO vUDV yJrT IlNA FidiNCEOj ','2014-05-16 00:00:00',1),(217,40,10,'ntGQoOoY ieNt nrwwuFjXj hHReOPQbi Sxlhvr AfIrt OPutYrDVy NCYDt LRSj ZFuo zXxS lHrEGIiBg pJrSds UlOWktr zQxWIt qKNW VyzoOj HmYlgjZ utuT kqOTKWkvK ','2014-10-12 00:00:00',1),(218,38,7,'uxzbJxnQG TaFnU ykmsVj rTJgzpu KSRLCo sVllVRzPp aBqWLSnFC eROwCH ojCnB yNtpmj kkgAhSt xVPBNE pllEuORVm ','2014-04-03 00:00:00',4),(219,35,7,'kfarGhja GVsiJWg hsDBguxtK aqaQ gQSNYbN IIUQsQW XpUzwp PZcPpcGQj IWvJJX sRiKHf FuWf lbGkdwAg qpyY UIURa JiXqo WIVbyhdfs BSnD CchNW IOPVxYSO ','2014-07-12 00:00:00',4),(220,39,8,'uUQzmWaf DoMFw ClirbeO WDnO iBbDw cJOdOYHdK zkPKt MyVN yajNjK MhHPQvSF AIeMhp SJIFhEs dtLQCwG DnftI YcyHhlOwO fxmnbEP XAVA BQAPWUyUT ','2014-06-08 00:00:00',5),(221,29,6,'etVkQ xRMm KNRlKtbki eHTYhmyPS UlJfbRCT PPoDGzn Byjz QsBYFZO NIJwNK qDSgs JZGX hvkH aazYGyNem NJjxXA QHuX uDouLJ ','2014-11-16 00:00:00',4),(222,29,7,'EZGr SNQC oAyqqfKnw RLzD eWdKpl pRFtK kmqyMO dUzrqEic MyjI TYNhnEN pgRBwqo frfEJ jSynEW myqlly ','2015-01-02 00:00:00',4),(223,39,3,'XHOnWa ofWXBg autXRGwh HGqyRwEjt YGiYY dVtFci wCCniYv GbpfTMJcf bMdZKzcGS IbneDQs POLwQbBJ ','2014-10-25 00:00:00',1),(224,26,8,'FjNpIQWB FCLJgC SrRD HForszel SRNFgwv XTIA sHhvzym mUIB baqnF etOlP oNdXo ','2015-04-12 00:00:00',5),(225,28,10,'pXyCRg eidu IEzcsL DZFHWTqmO XjwU ZMOcQWg sPPSR DILD sAhIM PJfmEMlqB gyurQ gJaom ZQXsqebd RMfeqRpHt NRYeIhk izERzu RKSSOSKA ','2015-02-21 00:00:00',5),(226,38,9,'iImaGq OAaWaENz BqKujynTZ HQaLp tBkZS OtTKtyxSx jhtsFHlES vTELdYmnY gMyZ RyTKVS ','2015-08-09 00:00:00',5),(227,23,3,'xmMqHFVtI GWRLcDjcZ ATLv EyYQgSnt EbkzuTt PkLS VUNWvGIR nqqdwj QOWRZw TPmIZ BNTwAQRgz yMZPQvZi OedOB HqCqp RcvnDmf LNixNYoi wvMBzAcPh ','2015-06-18 00:00:00',2),(228,29,5,'LoCoA YlvhJif rduMPWlpY xrtU mjMA abtZmPgW mUpppcfln kpSCIN UXpvJpw pJSw QIAgYQi bwym rOterocG MWgQmQJI zqXFoN sPkQbViQ niDpO cLuSX BFIbW ','2014-08-16 00:00:00',4),(229,35,3,'jFulACc PktfZGhK ZImB VCkBj VEYfjs KVszL TQCzYmB UOyiJbskk gOMlYfBI UiLx CZBA cyhRX AYILi RXjdWo ','2015-01-17 00:00:00',2),(230,34,3,'XODW djsCq zFJxo GKnETq hVexvRy FboVfx HOwgt EICk PPmfpu uRwl ORrdM Badpwk DOrfZJUO adqbyhxKw BNpok ongLyPom tlQo Moec ','2015-01-04 00:00:00',3),(231,33,2,'aOuqdFh Sncrcr jLPZZPL TOEwY JEuxZK ESSxfVO nsrY rXXd RRRnQ WvEuu VZiOx KmwXE ','2014-07-21 00:00:00',4),(232,41,8,'jfBaWORh mMgHccGk exBqUzVI INosWu XrIPyublA nDpxutV KPuFxQnlf izygRhV BWBbE EUmYnhUX pCufQFkwO VUBcPSDM Friklu yCdwy ZSzPyJ muhgV WONJi arDmMM oQhMkgFJ ','2015-04-19 00:00:00',1),(233,23,4,'qwIAtxoc HdWkpIX WOiJ ooHlsauIN fwlzTzBy FvsV pWae KctY ErLZayKf VEOvgnCLI GMjCMoHxr vbFN ENloSgkx ','2015-07-26 00:00:00',1),(234,34,6,'QbWCl pzhMQh SNWFr QGCXQaSv aCURDQu qKoxxeFG sCBKmsqOq OiCt fnbJe yvfMSC yjNRLpBX ','2015-07-08 00:00:00',1),(235,39,8,'gBUqHhr mMOHS AvsYEfP uqnci aiAgKuwrC IOAwvsYV qUrwJHQa TjTTrtZbO tqjbeK AcwwQM iiZPZ KSjDMAXMB iVcsWhcu fQdVDtd tTLtDECg cecEP zSDvZ QHKGKGj JVxC QfltmCv ','2015-02-02 00:00:00',5),(236,34,1,'YsVXYL IspoCtY RBfIGq TSxj xpmXoF lDEQmXfBz AYrbdZ ubAnyKK aXToCMzgr tovUO uNmvQldkn yMpiIpg DJpdPGs VOdKJ xVUohY vCXhRf hlsKUINK gTkUX ','2014-07-19 00:00:00',1),(237,34,5,'HIogd ekJjaRvtB bobqv BqSxUoQvF dUEgMJ wTsnoM FNdHeyCG vdJJTfpr jWpV GrzYFOK tyxbDV jKZnuJg YyIhvX bDvA aonuIMR ','2015-07-14 00:00:00',2),(238,28,8,'nMSWTs racNXfPBB dCFrW dOYsC SazET xlqPms jysLaIO ngzBjoz QMuQlYJ wVYlhrO PgcQPR dXSEhg JWQd ccxKysJK azRQGUG ','2015-03-05 00:00:00',2),(239,37,10,'dRZiBWZFJ HgMg wRZwqR XMTty SjMVbLdCH hrfP SWXoNW eNXbARuZ miwikimM pUhuJFmG Atylxmi MZTLKg hoepARgPM kvTwb XvUiTh sUqmG sAiG ','2014-09-20 00:00:00',3),(240,31,2,'jShELEGgB bJVi ncqA rSjAzPYH DEvwM hqHo JpBFyBTBS kjluKL JsvmX IJRQayeR utNT GuMZFWlZG jqpFCmwlW cWMgO BhHucoPPn LzuswE ','2015-01-09 00:00:00',3),(241,37,2,'xVTzRGG AhNhBPw EKMqjh GLrsVCr Zmvzebf CmwJOmgf QSgZZPGL ZGJq JDDi FnrhAOR aXuRN YNmNt UsDDJMmnp VVInci TxdR VEeTsqHLn eReODrc MXOvlRDoK rBSm Wfym ','2015-02-14 00:00:00',2),(242,26,6,'tdVKfP dESpvw fxUHphO nmyax oMrHPnsVd YHIncfQi LQSSEef DfoCtaUbQ tLlj SSXVXOdA Usryww ZCFCW wXwErhQ ','2015-04-06 00:00:00',2),(243,39,7,'qDHQcBj aFRrFt hqCEnYjEg fYIzNmQrT uvPOwvG aaJhqlMD ViqUo CNcOD IkOeaC wjnwjWE iqdsmm gAXJoayS hdileL AVYXeVBE SHve elucVJdtB AFHMJt kowhsr ','2014-11-18 00:00:00',2),(244,41,5,'HxVTSYOB idAJ hvsATCOp gHudcWHT fPxXNlz uCpdlxzD sgLHRSolV iDkLJ jGNufDOIT TqrxnJDYr RGGMXO hAZhJ UeMySur oHcLVMpT KKJq GeOOFN ','2015-02-26 00:00:00',3),(245,27,4,'olAF OnZAiMPcP NzPlgU UzNQOhGhn sOApDNpdV SXRs rhVxcVsC jrPPydK SkhvXwzTy QpJBHR fUsxwa NQwmUgd qkioHHhf ','2015-07-13 00:00:00',5),(246,42,5,'AWiv GRqmF JRbP NggWuNDCT AplasMW hmhZCuF dxKTsyZy ulXWfz vLxNxu FGvFi kRTHBMZZ ythKrdPR kCYYasn YJlhzvY dAfdzS ','2015-08-25 00:00:00',4),(247,40,10,'bbEm ClEVylT waHS aVzgZZYBS NdbPfFbJh ocLzW VXBOWBKwH vFkoDXrE xkOgrbvu UrHQoiEl oHrYdXir gJfTgpI ','2014-11-27 00:00:00',2),(248,35,7,'CuesJm UWlCojFls MzGSsMhaZ KHShjmmB zyQwKtKUY mWIMCAfpI oxQV YeCkG JeofPH JGLWCuIe ','2014-06-06 00:00:00',4),(249,37,4,'bKDqIIT oqCtEIimy SkOuEwzzj cdBdNfuwO pdFSx AFwZx klIOI oSbr DvJJQfxev JnXTODp bDXnmMVu NvsJ OtHEzfJUF hDnVhC jgGxttsN giNQhB PgIUP AiKevFl pvfVSyplm ','2015-07-06 00:00:00',3),(250,29,5,'XsrdblT LcoPxUb jxCfpb AneSIB lytC vOwZAyn Wists VxeWSFjX SyzdXT zouWnVu lrJDKcs ','2015-02-25 00:00:00',3),(251,32,5,'MpBE bHKUokiI wEBY TItDKMjk LDnxS cGPJrKXC GJpllobfW IGhSQr uFbmtdT NlTLO sxcDJqEO ZxTgp yTedUrxY ','2015-01-13 00:00:00',3),(252,35,8,'koOIrs IWhVWE dUABNFFI dGiLrFnOP DyTVQBS xOCnRwNtj ZSqdyy QdbFTDis ejYXhw JJDgxXqR ihZGFOwJP DskV pfOmmkYW BcszsjvAq hWiEGY ','2014-05-21 00:00:00',3),(253,26,4,'gkUs frtZTv sOBNoR wOrau HEHyK EVIXsOoL ihfAVGok wGmOHH omMM ArSjokXDW LdQlZxzj ','2015-01-19 00:00:00',5),(254,41,9,'QPMcBy bPRleciHY scKEbheld blLz Aldc dezUpEWy VrEYb Zjnlm nyaMz YDDIGIi XMxvYtN rPMrZaC pQJpC QBNtj brUZes dMjGdY uXuXjJ ','2015-07-16 00:00:00',1),(255,40,10,'RPibjjte xwEBj hmNBHLVF EtNCKPqCF DOIWSS pxVyld YEtJAYEe rHchYE xhBfeuYz vviHyUFd ','2015-04-17 00:00:00',2),(256,28,6,'EmoHtml JtIP dNXNjs QRQwUdMyq fVSuCmH trichGfV SeXPVOF JJehZK UCIxP liHtk aqJEjOCY qEcangin vhteEitQ bjBQj AOcoqaZHF HShP Xlnq SzJIP RrAbkaPm ','2014-06-16 00:00:00',2),(257,24,3,'quKxjQuud KVltDadv EwCFlP rckdUAxEX vscyeMu fXqjt NPltbaos zwXZ CWBXpEvtq JwNZFhIt TMXUbqXAM AHwxitMNP dFPz OfAwyw luknK Oxbo xLnR aGDems ','2014-07-12 00:00:00',2),(258,34,2,'jCTuXeI lwfnKkL yDTzjx vQibXSh cJvwGzf LBvZm KIenCDx hTQq OjcplLLIs NHWpd CJGlNUNrr ','2014-12-31 00:00:00',4),(259,32,3,'tZiJ UuTmF UBXYxzH KuYy qmlBRbIk QUlK fXUMS KQTjyX SVsFmEQNw wGSmBeXPj JWOfGFZQd KWScBeHsS koKc mgzbqvL jRTPQ SNuPFxqK ICjT UVsgcSis ','2015-04-19 00:00:00',3),(260,40,7,'mCjfqE WbkGhTjqM lItr lzdyuJWf iIsnY iVYtBfmKw LHIeZtqyw SgLYoTHH GDpB IdHVOeV MEELXU uJcAu PnIw paLQCt kpHpkhbPL MFVgoYHI xWIUsXUdO xHHMpW ','2014-06-14 00:00:00',3),(261,31,10,'yNFFbEnK KHmEZkz ZWzG lWAjsyV iuoNaps aWYHj GucJtYi CuWd pCzQKTe UuQhuM bWJI ','2015-08-04 00:00:00',4),(262,37,4,'JnVFryV YLDRPcLjS EFZGBJpSv BfhktcQ BMEzxiqn cxcWb VIjFXba DfLOzNF orONP ecghzjdBR jbEgdEKGK ukjZuy imgfq myIv jmBtogA LkXvG GPraoJ ','2014-07-18 00:00:00',4),(263,32,8,'BoGWQQjsj yJPjUM AelqwmE veVK Smkzjbpst RSiGbd HEySUV zaAE lzPyJoHLD ecRW xYpQG ozOkEnkfR rrWP kwMO RQnOcL rCtlQSZa mlBetS pIxzek BbePP ','2014-04-30 00:00:00',2),(264,32,6,'JTOJUlWgN zGwO UnseB fFJVMjyll VfjEZu giBFOYu SIvX pcPYY ixOuSJz ozwP ','2014-04-01 00:00:00',3),(265,34,4,'FvinR wgim gOnE IwmiyBH rnAIyTYdp rgmO uasBO froCEwa eVwr eQqcUF lLvZY ZqrOWwgl KHZPLVmdr THuNn ','2015-01-12 00:00:00',2),(266,42,10,'PYngMjDSu CcCsOxE PVLxpzKTy SwFIvSO csaw DzxVnUAfK QhMpRG zzkfhFXW ZoNwkrWH jCNom ftXvl jLcuQja fNNuBkES mfqO FbdKvafGE rGJhQ VWxJrYUV aiWqWQVY GtUMZzbqf yWuuSRej ','2014-12-18 00:00:00',5),(267,42,2,'Dpkul oRBj BIFRNqq LLCCQLsO ZNeDdpYo mgZvLA qsRH BtvdVlPo HoNLSQbQf cmyxXZ ossWbTp XlHNzH OvgGlh rGzDfX fyPxRLz bVImDvLl zGWgSdDj dNPboUAe rQRcRN drhPCXoj ','2015-05-11 00:00:00',4),(268,30,1,'HcYwd rDrJV BYZo cFQRiOgr CtEBElD IHQaliK qleq OsfFkn rEaTYF CRYfzG ARfkYvvdM SfaxpnQHS BQwWtoVzO votAysW vIPnNPLdd KWtmNQi eeFS agZBFrx NgobTe XioIeHUR ','2015-06-20 00:00:00',5),(269,23,10,'vNDCMfh DHRJ SDaEAiTin ceZfcBn XajzMoH RoIAkAdl EuZM zPMzVOa tYiCx ReMItujEV QbRka ','2014-10-16 00:00:00',3),(270,40,6,'qtayNYHqv hAqQTKa GooHgz KrifWhv iUegC CgCcwt htvNHJvNi yAmD uZNCTR wmkCOnY kfBF ipoWysvYE vYYjASbjo uRdHP SVMyP NeRlwmkbl ','2015-01-01 00:00:00',2),(271,42,2,'RJrg ijLY EUgdJb NTckgnls kCJKFBuWH eQkclO rRGtItnLD YOMSZp KUdfRLD CNYNCVftB cVMNzg oSFnihYc dUXGP uOnWKtq SshEg ','2015-01-19 00:00:00',5),(272,36,9,'iLGgOR IPRyp nDhXW jPRrtX eRTIpcuWj NtRDk SvDvD scKhTbB ZGHSoXUJ dRHxJkHZd CyHd JNZCOAtNh GwZB SFXA GKKG NimumeeZ ','2015-01-27 00:00:00',5),(273,35,8,'LbiiaJn oktrRebxS GfjSjnSn GRUhDVqLV YOojhFamG evejEX SPGMvy DbBUNxT mhVtNWGt KOzUtx lnTXJ Dmtfgg aSPiOjV PpfzeFtx GIpA YSklmps StlIBZ xKGNQgRvz ygWNH MANYMcq ','2014-02-20 00:00:00',3),(274,41,7,'qvJbc RiomIC OzywckWP ISAOO eswvN wPDn RAGulvTJR UOMdwEDlt qLkLzqio vmLWSfhnZ fWLTIPqn BGgRrr QILfCgs dltkz bEoMyW OkUqQbh ','2014-03-11 00:00:00',2),(275,29,8,'eDDwQG kQhCSMR kOhZYbp dxWxiVyE chwT fdEmFwZx jlji lyYoV MdQkIQmPn Dsji ','2014-04-13 00:00:00',5),(276,38,6,'OxQXGbv qrzcuqn hzTv wOPEtEj QRMnHJUIf YwZaRq UxNNS kGjOaN YDPLRxuMf leWlfN tHYhvRB yKuyxtw ','2015-01-11 00:00:00',3),(277,25,2,'FLcQQZc MDpuCwPtX RHOqeh gqVZWyEI vzAxvmb GDgvXdQP EfPMSWdN ZlAIMVint zvngYtB xrMiWRYIK LyQLKquxm KGgjbtp NRXl JtfAr lmAJcmus RFkBlqL ','2014-01-26 00:00:00',5),(278,36,1,'kJcTciuuW GxpIJJb BGAcS OfBPsZIC KwLSQfPw nLvWvxnW OZWF bhDtglWP sBPiHEEtS OOLlc pRHlxun XGLiCBf cUdJzIcrY gJdirtaYF tSbqyN ','2014-06-07 00:00:00',2);
/*!40000 ALTER TABLE `reviews` ENABLE KEYS */;
UNLOCK TABLES;

--
-- Table structure for table `users`
--

DROP TABLE IF EXISTS `users`;
/*!40101 SET @saved_cs_client     = @@character_set_client */;
/*!40101 SET character_set_client = utf8 */;
CREATE TABLE `users` (
  `id` int(11) NOT NULL AUTO_INCREMENT,
  `name` varchar(45) DEFAULT NULL,
  `email` varchar(255) DEFAULT NULL,
  `password` varchar(255) DEFAULT NULL,
  `phone` varchar(45) DEFAULT NULL,
  `dob` datetime DEFAULT NULL,
  `created_at` datetime DEFAULT NULL,
  `updated_at` datetime DEFAULT NULL,
  PRIMARY KEY (`id`)
) ENGINE=InnoDB AUTO_INCREMENT=43 DEFAULT CHARSET=utf8;
/*!40101 SET character_set_client = @saved_cs_client */;

--
-- Dumping data for table `users`
--

LOCK TABLES `users` WRITE;
/*!40000 ALTER TABLE `users` DISABLE KEYS */;
INSERT INTO `users` VALUES (1,'Sourabh Pal','sourabh@pal-tech.co','265e7307f55128547875ceec2d415db1','6099370629','1991-05-05 00:00:00','2015-08-25 09:54:33','2015-09-01 09:10:42'),(2,'Raymon Oleaga','ray@designbuddy.com','664440b7e3cbb43132867ac382b81e9f','4013010680','1991-05-05 00:00:00','2015-08-25 10:04:14','2015-09-01 09:10:42'),(3,'Sue Su','suesu@gmail.com','a12dcaa57b2bc97b60fc2015e64cbec2','4087020692','1991-05-05 00:00:00','2015-08-25 10:23:50','2015-09-01 09:10:42'),(4,'Elton Malave','malave@gmail.com','1a77eb1d1d0cbb1692e9e2610e6954e2','6099370629','1991-05-05 00:00:00','2015-08-25 17:15:02','2015-09-01 09:10:42'),(5,'Helena Custard','helena@gmail.com','2876838571fae268c28e0de99839a89c','6099370629','1991-05-05 00:00:00','2015-08-25 17:26:54','2015-09-01 09:10:42'),(6,'Sabina Casady','sabina@gmail.com','5ee17fb9841f93b214c88734685309a7','6099370629','1991-05-05 00:00:00','2015-08-25 17:29:22','2015-09-01 09:10:42'),(7,'Francene Widell','francene@gmail.com','bd420085dbd5fd23ab459ac902ea8715','6099370629','1991-05-05 00:00:00','2015-08-25 17:41:00','2015-09-01 09:10:42'),(8,'Chris Baker','chris@gmail.com','6c6d9676f341c3d8240a90e09e8ba6e4','6099370629','1991-05-05 00:00:00','2015-08-26 09:02:07','2015-09-01 09:10:42'),(16,'Jessica Davidson','jessica@gmail.com','8a694c8394dc7ed50f4bec4eb259fc29','6099370629','2015-08-11 00:00:00','2015-08-26 10:07:06','2015-09-01 09:10:42'),(18,'Jimmy Jun','jimmy@gmail.com','b4cc28efc75478348b9f628acd7ef716','6099370629','1986-05-20 00:00:00','2015-08-26 12:48:36','2015-09-01 09:10:42'),(22,'Isaac Lee','isaac@gmail.com','72026ce930053a12b3b40dd0ecdfa495','6099370629','1974-07-21 00:00:00','2015-08-31 13:19:14','2015-09-02 09:10:42'),(23,'Eduardo Baik','eduardo@gmail.com','c1c6ce8749065325ccf6d5a40b95e840','6099370629','1988-08-23 00:00:00','2015-09-01 09:11:29','2015-09-01 09:11:29'),(24,'Andrew Lee','andrew@gmail.com','dc44be344c496309f75530056f110000','6099370629','1977-06-22 00:00:00','2015-09-01 09:15:08','2015-09-01 09:15:08'),(25,'Alison Graves','alison@gmail.com','4365ab7e3e4ea22ffff9ce9a8f62a1dc','1112223333','1996-08-27 00:00:00','2015-09-01 20:08:43','2015-09-01 20:08:43'),(26,'Chelsea Schneider','chelsea@gmail.com','6b4e618a80271950c1a7be0b6fc07242','1231231234','1990-07-23 00:00:00','2015-09-01 20:09:05','2015-09-01 20:09:05'),(27,'Holly Castro','holly@gmail.com','94e220e82713b4e99383fa453faa2ccc','1212121212','1976-07-23 00:00:00','2015-09-01 20:09:32','2015-09-01 20:09:32'),(28,'Jermaine Patterson','jermaine@gmail.com','5b68051e1cba412509444da1d0b5e5f0','3332229999','1981-05-27 00:00:00','2015-09-01 20:09:53','2015-09-01 20:09:53'),(29,'Sonya Robbins','sonya@gmail.com','814e27376a70ba208483f664c99f9f8c','3332221111','1984-06-24 00:00:00','2015-09-01 20:10:12','2015-09-01 20:10:12'),(30,'Robin Newman','robin@gmail.com','5c9b3544df26167ee63bb1c6d2e2ac57','9998883333','1988-08-22 00:00:00','2015-09-01 20:10:30','2015-09-01 20:10:30'),(31,'Tricia Bell','tricia@gmail.com','d83c76d5d5208de16dc245e5a03292ed','8883229292','1997-07-23 00:00:00','2015-09-01 20:10:47','2015-09-01 20:10:47'),(32,'Bob Lopez','bob@gmail.com','a4c7f69e78245d1bb301cd6a975ca47a','2225559898','1984-05-23 00:00:00','2015-09-01 20:11:04','2015-09-01 20:11:04'),(33,'Debra Day','debra@gmail.com','9cb4d424e7bcf6c82ece7b934e754a1a','2223331010','1981-04-09 00:00:00','2015-09-01 20:11:43','2015-09-01 20:11:43'),(34,'Tanya Meyer','tanya@gmail.com','dde20973efc4b1d539acfe943c152aea','3322229494','1982-05-18 00:00:00','2015-09-01 20:12:06','2015-09-01 20:12:06'),(35,'Melissa Zimmerman','melissa@gmail.com','77e3c85b44f3cab39b6894cc2e828f8a','3339997676','1986-05-23 00:00:00','2015-09-01 20:12:39','2015-09-01 20:12:39'),(36,'Romona Kim','romona@gmail.com','ae5d72b59f8a3e0005512746791c92df','8882229392','1985-04-21 00:00:00','2015-09-01 20:12:58','2015-09-01 20:12:58'),(37,'Amy Peterson','amy@gmail.com','60547c915cb6763332ba9317cafa30f9','3876398282','1992-05-23 00:00:00','2015-09-01 20:13:15','2015-09-01 20:13:15'),(38,'Julia Nguyen','julia@gmail.com','aec2f47eb0b67efbb6978fa43f77c92f','9230803838','1991-04-22 00:00:00','2015-09-01 20:13:35','2015-09-01 20:13:35'),(39,'Danny Bridges','danny@gmail.com','1753899277d97eb341c3fdb64157a9c1','9382023838','1985-05-20 00:00:00','2015-09-01 20:13:53','2015-09-01 20:13:53'),(40,'Lucas Higgins','lucas@gmail.com','61e699ce5caaaa39d8a9c8a843eb1735','9832023838','1989-06-22 00:00:00','2015-09-01 20:14:24','2015-09-01 20:14:24'),(41,'Marshall Duncan','marshall@gmail.com','9719dfd3f3ae82018046868a91484587','9230803838','1983-07-23 00:00:00','2015-09-01 20:14:45','2015-09-01 20:14:45'),(42,'Jeffrey Moran','jeffrey@gmail.com','a8748a92f9bdbe0ecd58b20515577a9b','8320803838','1985-08-21 00:00:00','2015-09-01 20:15:09','2015-09-01 20:15:09');
/*!40000 ALTER TABLE `users` ENABLE KEYS */;
UNLOCK TABLES;
/*!40103 SET TIME_ZONE=@OLD_TIME_ZONE */;

/*!40101 SET SQL_MODE=@OLD_SQL_MODE */;
/*!40014 SET FOREIGN_KEY_CHECKS=@OLD_FOREIGN_KEY_CHECKS */;
/*!40014 SET UNIQUE_CHECKS=@OLD_UNIQUE_CHECKS */;
/*!40101 SET CHARACTER_SET_CLIENT=@OLD_CHARACTER_SET_CLIENT */;
/*!40101 SET CHARACTER_SET_RESULTS=@OLD_CHARACTER_SET_RESULTS */;
/*!40101 SET COLLATION_CONNECTION=@OLD_COLLATION_CONNECTION */;
/*!40111 SET SQL_NOTES=@OLD_SQL_NOTES */;

-- Dump completed on 2015-09-01 21:58:06
